hubspot_id,election_date,state,office_level,office_type,n_outreach_rows,viability_score_mean,viability_score_max,latest_outreach,Win,most_common_outreach_type
22086367085,2024-11-05,Michigan,LOCAL,School Board,1,4.23000000000000,4.2300000000,null,1,null
21964798804,2024-11-05,Florida,LOCAL,Other,1,1.39000000000000,1.3900000000,null,1,null
33149292710,2025-05-20,Oregon,LOCAL,Other,1,5.00000000000000,5.0000000000,null,1,null
36953073544,2025-11-04,Florida,CITY,City Council,1,1.82000000000000,1.8200000000,null,0,null
30304776236,2025-03-11,null,Local,Mayor,1,null,null,null,1,null
33609257563,2025-11-04,South Carolina,LOCAL,null,1,2.22000000000000,2.2200000000,null,0,null
39142128166,2025-11-04,Washington,LOCAL,School Board,1,0.99000000000000,0.9900000000,null,0,null
40634137895,2025-11-04,Georgia,CITY,City Council,1,1.66000000000000,1.6600000000,null,0,null
22376729230,2024-11-05,Indiana,LOCAL,School Board,1,2.11000000000000,2.1100000000,null,1,null
30693369200,2025-11-04,Florida,CITY,Mayor,1,1.39000000000000,1.3900000000,null,0,null
19659823648,2024-05-04,Texas,CITY,City Council,1,3.65000000000000,3.6500000000,null,0,null
39130795120,2025-10-07,Alaska,COUNTY,Mayor,1,3.10000000000000,3.1000000000,null,1,null
35502387357,2025-08-10,Washington,null,null,1,null,null,null,0,null
39697152801,2025-11-03,Missouri,City,Mayor,1,null,null,null,0,null
43705184581,2025-11-04,New Hampshire,null,null,1,null,null,null,0,null
38727186844,2025-11-04,New Jersey,LOCAL,School Board,1,3.01000000000000,3.0100000000,null,1,null
31387484593,2025-08-26,Alabama,CITY,City Council,1,2.31000000000000,2.3100000000,2025-08-26T05:00:00.000,0,text
32141170044,2025-05-20,Oregon,LOCAL,Other,1,5.00000000000000,5.0000000000,null,1,null
25348397108,2024-11-05,Minnesota,LOCAL,Utilities Commissioner,1,5.00000000000000,5.0000000000,null,1,null
35447371374,2025-11-04,Washington,CITY,City Council,1,2.39000000000000,2.3900000000,null,1,null
22149260062,2025-08-26,Alabama,CITY,Mayor,1,1.45000000000000,1.4500000000,null,0,null
39266162601,2025-11-04,New York,TOWNSHIP,null,1,null,null,null,0,null
35452964245,2025-11-04,Washington,CITY,City Council,1,2.39000000000000,2.3900000000,null,1,null
36953458614,2025-11-04,Alabama,Local,School Board,1,1.97000000000000,1.9700000000,null,1,null
19685576520,2024-11-05,Arizona,STATE,State House,1,0.69000000000000,0.6900000000,null,0,null
30397153537,2025-04-01,Illinois,CITY,Mayor,1,1.61000000000000,1.6100000000,null,0,null
35832049033,2025-11-04,Washington,CITY,City Council,1,1.08000000000000,1.0800000000,null,0,null
22026534225,2024-08-01,Tennessee,CITY,Town Council,1,1.44000000000000,1.4400000000,null,0,null
22866889532,2024-11-05,Minnesota,CITY,Mayor,1,5.00000000000000,5.0000000000,null,1,null
31843761572,2025-05-03,Texas,LOCAL,School Board,1,1.61000000000000,1.6100000000,null,0,null
35567508260,2025-11-04,Utah,CITY,Mayor,1,0.91000000000000,0.9100000000,null,1,null
21520329775,2024-08-01,Tennessee,COUNTY,School Board,1,null,null,null,0,null
42356104367,2025-11-04,Iowa,Local,City Council,1,2.61000000000000,2.6100000000,null,1,null
39171987804,2025-11-04,Virginia,Local,School Board,1,2.17000000000000,2.1700000000,null,1,null
33008761996,2025-05-20,Massachusetts,CITY,Town Council,1,2.44000000000000,2.4400000000,null,0,null
23797291289,2024-11-05,Minnesota,CITY,Mayor,1,4.99000000000000,4.9900000000,null,1,null
35252187206,2025-08-26,Alabama,CITY,City Council,1,1.93000000000000,1.9300000000,null,1,null
37602319913,2025-11-04,North Carolina,CITY,Town Council,1,2.53000000000000,2.5300000000,null,0,null
23611984454,2024-11-05,Minnesota,LOCAL,School Board,1,1.12000000000000,1.1200000000,null,0,null
21841902185,2024-11-05,Arizona,CITY,City Council,1,2.50000000000000,2.5000000000,null,1,null
34725081661,2025-11-04,New York,LOCAL,null,1,1.46000000000000,1.4600000000,null,0,null
38679676471,2025-11-04,Ohio,LOCAL,School Board,1,1.41000000000000,1.4100000000,null,1,null
33687530065,2025-11-04,Georgia,LOCAL,School Board,1,3.49000000000000,3.4900000000,null,1,null
25024390481,2024-11-05,California,LOCAL,School Board,1,1.30000000000000,1.3000000000,null,0,null
21525576577,2024-08-01,Tennessee,LOCAL,School Board,1,3.24000000000000,3.2400000000,null,0,null
21803998893,2024-11-05,Arizona,LOCAL,School Board,1,3.74000000000000,3.7400000000,null,1,null
19255045027,2024-11-05,Florida,STATE,State Senate,1,0.07000000000000,0.0700000000,null,0,null
36991939681,2025-11-04,Washington,Local,Other,1,null,null,null,1,null
33796357890,2025-11-04,Iowa,LOCAL,School Board,1,4.18000000000000,4.1800000000,null,1,null
31658341487,2025-04-01,Illinois,CITY,Clerk/Treasurer,1,1.70000000000000,1.7000000000,null,1,null
21944057973,2024-11-05,Florida,LOCAL,School Board,1,2.42000000000000,2.4200000000,null,0,null
33678507413,2025-11-04,Idaho,LOCAL,School Board,1,2.64000000000000,2.6400000000,null,0,null
17700560761,null,Ohio,Local,null,1,1.49000000000000,1.4900000000,null,1,null
31428686434,2025-11-04,Minnesota,CITY,null,1,2.17000000000000,2.1700000000,null,0,null
38890108589,2025-11-04,Michigan,CITY,City Council,1,2.41000000000000,2.4100000000,null,1,null
21943420292,2025-04-08,Missouri,COUNTY,null,1,1.94000000000000,1.9400000000,null,0,null
36776619334,2025-08-26,Alabama,CITY,City Council,1,1.72000000000000,1.7200000000,null,0,null
38503668482,2025-10-07,Alaska,CITY,City Council,1,3.34000000000000,3.3400000000,null,1,null
22310660909,2024-11-05,North Carolina,CITY,Town Council,1,3.24000000000000,3.2400000000,null,1,null
39744313173,2025-11-04,Idaho,CITY,Mayor,1,0.81000000000000,0.8100000000,null,0,null
36556677466,2025-08-26,Alabama,CITY,City Council,1,3.31000000000000,3.3100000000,null,1,null
35242011690,2025-06-21,Maryland,null,null,1,null,null,null,0,null
17251135529,2026-11-03,Virginia,FEDERAL,Congressional,1,null,null,null,0,null
41604744114,2025-11-04,Iowa,CITY,Mayor,1,3.44000000000000,3.4400000000,null,1,null
46857163324,2027-05-03,Connecticut,City,null,1,null,null,null,0,null
38576475677,null,null,CITY,null,1,null,null,null,0,null
37490702682,2025-11-04,Montana,CITY,City Council,1,2.99000000000000,2.9900000000,null,1,null
38496401758,2025-11-04,North Carolina,CITY,Town Council,1,2.53000000000000,2.5300000000,null,1,null
43714290500,2025-11-04,North Carolina,CITY,null,1,null,null,null,1,null
29591187776,2025-04-01,Wisconsin,CITY,City Council,1,2.96000000000000,2.9600000000,null,1,null
25111799634,2024-11-05,North Carolina,LOCAL,School Board,1,3.18000000000000,3.1800000000,null,0,null
39206328465,2025-11-04,Massachusetts,LOCAL,School Board,1,3.41000000000000,3.4100000000,null,1,null
39615597468,2025-11-04,Ohio,LOCAL,School Board,1,1.33000000000000,1.3300000000,null,0,null
23449912217,2024-11-05,Arkansas,CITY,City Council,1,4.99000000000000,4.9900000000,null,1,null
35666322224,2025-11-04,null,LOCAL,School Board,1,1.17000000000000,1.1700000000,null,1,null
30152951864,2025-11-04,Ohio,CITY,City Council,1,0.89000000000000,0.8900000000,null,0,null
20929013157,2024-11-05,California,CITY,City Council,1,1.50000000000000,1.5000000000,null,0,null
23407981940,2024-11-05,Nebraska,LOCAL,Utilities Commissioner,1,1.11000000000000,1.1100000000,null,0,null
38548920944,2025-11-04,Ohio,CITY,null,1,0.86000000000000,0.8600000000,null,0,null
23939947183,2024-11-05,Texas,CITY,City Council,1,1.50000000000000,1.5000000000,null,0,null
22795885999,2024-11-05,Florida,CITY,Mayor,1,0.75000000000000,0.7500000000,null,0,null
31032838476,2025-04-08,Missouri,LOCAL,School Board,1,3.72000000000000,3.7200000000,null,1,null
23915320352,2024-11-05,Florida,LOCAL,Other,1,2.27000000000000,2.2700000000,null,0,null
30457036804,2025-04-01,Illinois,CITY,Town Council,1,3.63000000000000,3.6300000000,null,0,null
40200785710,2025-11-04,South Carolina,CITY,Town Council,1,null,null,null,0,null
31762513272,2025-04-08,Missouri,LOCAL,School Board,1,3.72000000000000,3.7200000000,null,1,null
39368074122,2025-11-04,South Carolina,CITY,Mayor,1,1.52000000000000,1.5200000000,null,1,null
42410856587,2025-11-04,Iowa,CITY,City Council,1,2.61000000000000,2.6100000000,null,1,null
23241366577,2024-11-05,California,CITY,Mayor,1,0.85000000000000,0.8500000000,null,1,null
39645221921,2025-11-04,New Mexico,Local,Town Council,1,1.04000000000000,1.0400000000,null,0,null
34668353028,2025-11-04,Ohio,CITY,null,1,0.85000000000000,0.8500000000,null,1,null
22328954544,2024-11-05,Rhode Island,CITY,City Council,1,1.58000000000000,1.5800000000,null,1,null
39328930137,2025-11-04,Ohio,CITY,City Council,1,null,null,null,0,null
30543172698,2025-05-03,Texas,LOCAL,School Board,1,2.91000000000000,2.9100000000,null,0,null
23469263742,2024-11-05,Oregon,CITY,City Council,1,3.75000000000000,3.7500000000,null,1,null
19216395306,2024-11-05,Georgia,STATE,State Senate,1,0.39000000000000,0.3900000000,null,0,null
32903802774,2025-05-03,Texas,CITY,City Council,1,4.99000000000000,4.9900000000,null,1,null
23657766055,2024-11-05,Iowa,COUNTY,Utilities Commissioner,1,3.85000000000000,3.8500000000,null,0,null
23555466843,2024-11-05,Michigan,LOCAL,School Board,1,4.99000000000000,4.9900000000,null,1,null
37913101672,2025-11-05,Kentucky,null,null,1,null,null,null,0,null
23141169844,2024-11-05,Minnesota,CITY,City Council,1,2.41000000000000,2.4100000000,null,0,null
46757569645,2026-04-07,Wisconsin,LOCAL,null,1,null,null,null,0,null
36382533380,2025-11-04,Kansas,LOCAL,School Board,1,2.63000000000000,2.6300000000,null,0,null
42432116850,2025-11-04,Ohio,CITY,Town Council,1,3.07000000000000,3.0700000000,null,0,null
41928587816,2025-11-04,Iowa,CITY,City Council,1,4.02000000000000,4.0200000000,null,1,null
32576020088,2025-06-10,Maine,CITY,Town Council,1,3.52000000000000,3.5200000000,null,0,null
31409182825,2025-04-01,Wisconsin,LOCAL,Town Council,1,2.71000000000000,2.7100000000,null,1,null
32580474535,2025-05-20,Oregon,LOCAL,School Board,1,2.47000000000000,2.4700000000,null,0,null
31623740035,2025-04-01,Wisconsin,LOCAL,Town Council,1,2.71000000000000,2.7100000000,null,1,null
23318728465,2024-11-05,Virginia,LOCAL,School Board,1,1.91000000000000,1.9100000000,null,0,null
35242131553,2025-11-04,New York,CITY,null,1,0.98000000000000,0.9800000000,null,0,null
41628415826,2025-11-04,Iowa,LOCAL,School Board,1,null,null,null,1,null
33237626926,2025-05-13,Delaware,LOCAL,School Board,1,2.20000000000000,2.2000000000,null,1,null
41708721203,2025-11-04,Iowa,CITY,City Council,1,4.02000000000000,4.0200000000,null,1,null
23236779950,2024-11-05,Minnesota,LOCAL,School Board,1,3.42000000000000,3.4200000000,null,0,null
32407964704,2025-05-03,Texas,LOCAL,School Board,1,2.53000000000000,2.5300000000,null,0,null
19663081628,2025-02-25,Illinois,LOCAL,Clerk/Treasurer,1,1.82000000000000,1.8200000000,null,0,null
30039411602,2025-04-01,Wisconsin,CITY,Mayor,1,5.00000000000000,5.0000000000,null,1,null
40724073283,2025-11-04,New York,CITY,Mayor,1,null,null,null,0,null
23247960904,2024-11-05,Georgia,Local,City Council,1,null,null,null,0,null
37006012553,2025-11-04,North Carolina,CITY,Town Council,1,3.96000000000000,3.9600000000,null,1,null
35128066849,2025-11-04,Utah,CITY,City Council,1,1.44000000000000,1.4400000000,null,0,null
40990652694,2025-11-04,Iowa,LOCAL,School Board,1,2.88000000000000,2.8800000000,null,0,null
34337686606,2025-11-04,Pennsylvania,LOCAL,School Board,1,2.59000000000000,2.5900000000,null,1,null
41388412063,2025-11-04,Georgia,CITY,Mayor,1,2.99000000000000,2.9900000000,2025-10-14T04:00:00.000,1,text
37654509173,2025-11-04,North Carolina,CITY,Mayor,1,1.38000000000000,1.3800000000,null,1,null
30443948164,2025-04-08,Missouri,LOCAL,School Board,1,3.35000000000000,3.3500000000,null,0,null
31770916608,2025-04-08,Missouri,CITY,City Council,1,3.56000000000000,3.5600000000,null,1,null
23295891004,2024-11-05,California,LOCAL,School Board,1,2.52000000000000,2.5200000000,null,0,null
25089915016,2024-11-05,Minnesota,COUNTY,County Supervisor,1,3.54000000000000,3.5400000000,null,1,null
22290406146,2024-11-05,Minnesota,LOCAL,Utilities Commissioner,1,5.00000000000000,5.0000000000,null,1,null
23231841900,2024-11-05,New Jersey,LOCAL,School Board,1,3.51000000000000,3.5100000000,null,0,null
38980256907,2025-11-03,Ohio,Local,Town Council,1,1.49000000000000,1.4900000000,null,0,null
23544856928,2027-05-01,Texas,CITY,Other,1,0.55000000000000,0.5500000000,null,0,null
34501870419,2025-11-04,Virginia,COUNTY,Other,1,2.66000000000000,2.6600000000,null,1,null
36581669472,2025-11-04,Washington,CITY,City Council,1,2.39000000000000,2.3900000000,null,0,null
35278588557,2025-08-05,Washington,Local,Other,1,1.27000000000000,1.2700000000,null,1,null
25075899512,2024-11-05,Indiana,LOCAL,School Board,1,1.04000000000000,1.0400000000,null,0,null
40273348110,2025-11-04,Massachusetts,LOCAL,School Board,1,null,null,null,1,null
23238485766,2024-11-05,Minnesota,LOCAL,Clerk/Treasurer,1,1.67000000000000,1.6700000000,null,1,null
42429180181,2025-11-04,Massachusetts,LOCAL,School Board,1,null,null,null,0,null
36392726964,2025-11-04,Kansas,CITY,City Council,1,1.30000000000000,1.3000000000,null,0,null
22244499541,2024-11-05,North Carolina,CITY,Mayor,1,1.38000000000000,1.3800000000,null,0,null
23771612745,2024-11-05,California,LOCAL,Utilities Commissioner,1,5.00000000000000,5.0000000000,null,1,null
38087416079,2025-11-04,North Carolina,CITY,Town Council,1,2.53000000000000,2.5300000000,null,0,null
38678857075,2025-08-26,Alabama,CITY,City Council,1,null,null,null,1,null
30485254793,2025-04-01,Illinois,CITY,Mayor,1,2.90000000000000,2.9000000000,null,1,null
31314743361,2025-04-01,Wisconsin,LOCAL,Clerk/Treasurer,1,5.00000000000000,5.0000000000,null,1,null
40716698672,2025-11-04,Kansas,CITY,City Council,1,null,null,null,1,null
41539390793,2025-11-04,New Hampshire,LOCAL,School Board,1,1.82000000000000,1.8200000000,null,1,null
37244149354,2025-11-04,North Carolina,CITY,Town Council,1,2.53000000000000,2.5300000000,null,1,null
36729471780,2025-08-26,Alabama,CITY,City Council,1,1.72000000000000,1.7200000000,null,1,null
29504679452,2025-04-01,Illinois,LOCAL,Utilities Commissioner,1,4.27000000000000,4.2700000000,null,1,null
36893810743,2025-11-04,Michigan,CITY,City Council,1,2.41000000000000,2.4100000000,null,0,null
39498199681,2025-11-05,Georgia,Local,City Council,1,2.11000000000000,2.1100000000,null,0,null
29906039633,2025-04-01,Illinois,LOCAL,School Board,1,3.87000000000000,3.8700000000,null,1,null
23623852817,2024-11-05,Tennessee,CITY,Town Council,1,1.19000000000000,1.1900000000,null,1,null
38126670377,2025-11-06,Utah,Local,Other,1,1.06000000000000,1.0600000000,null,1,null
39422578968,2025-11-04,Colorado,CITY,City Council,1,1.20000000000000,1.2000000000,null,1,null
40196419101,2025-11-04,Iowa,CITY,null,1,null,null,null,0,null
30084732767,2025-03-11,null,LOCAL,School Board,1,null,null,null,0,null
40583283033,2025-11-04,Massachusetts,CITY,City Council,1,1.57000000000000,1.5700000000,null,0,null
23250023573,2024-11-05,Minnesota,CITY,City Council,1,2.11000000000000,2.1100000000,null,0,null
23621970806,2024-11-05,Texas,CITY,City Council,1,3.42000000000000,3.4200000000,null,1,null
34286113548,2025-11-04,North Carolina,CITY,Mayor,1,2.94000000000000,2.9400000000,null,1,null
39131714646,2025-11-04,Ohio,CITY,City Council,1,1.13000000000000,1.1300000000,null,0,null
36448501791,2025-11-04,Georgia,CITY,null,1,1.87000000000000,1.8700000000,null,0,null
40829059479,2025-11-04,Iowa,CITY,City Council,1,2.12000000000000,2.1200000000,null,1,null
31032463965,2025-05-03,Texas,LOCAL,School Board,1,3.60000000000000,3.6000000000,null,0,null
30089690200,2025-06-03,Mississippi,CITY,City Council,1,1.18000000000000,1.1800000000,null,0,null
31386973545,2025-04-01,Wisconsin,LOCAL,Clerk/Treasurer,1,5.00000000000000,5.0000000000,null,1,null
32874739227,2025-05-05,Florida,Local,Other,1,2.16000000000000,2.1600000000,null,1,null
34498840199,2025-11-04,Ohio,LOCAL,Town Council,1,3.06000000000000,3.0600000000,null,0,null
23824806238,2024-11-05,Michigan,LOCAL,School Board,1,1.37000000000000,1.3700000000,null,0,null
39646778452,2025-11-03,Georgia,Local,City Council,1,3.66000000000000,3.6600000000,null,1,null
38966909738,2025-11-04,Colorado,CITY,Town Council,1,null,null,null,0,null
38438291623,2025-11-04,Montana,CITY,Mayor,1,1.21000000000000,1.2100000000,null,1,null
39087089574,2025-11-04,Ohio,CITY,Town Council,1,1.49000000000000,1.4900000000,null,1,null
21710486610,2024-11-05,California,LOCAL,School Board,1,3.67000000000000,3.6700000000,null,1,null
33079486061,2025-05-20,Oregon,LOCAL,Other,1,4.99000000000000,4.9900000000,null,1,null
25190441605,2024-11-05,Mississippi,COUNTY,Other,1,5.00000000000000,5.0000000000,null,1,null
33683343127,2025-11-04,Massachusetts,CITY,null,1,2.25000000000000,2.2500000000,null,0,null
23945636143,2024-11-05,Kansas,CITY,City Council,1,1.24000000000000,1.2400000000,null,0,null
31216049284,2025-04-01,Illinois,CITY,Clerk/Treasurer,1,4.99000000000000,4.9900000000,null,1,null
38802028593,2025-11-04,Ohio,LOCAL,School Board,1,1.33000000000000,1.3300000000,null,1,null
23046970897,2024-11-05,Michigan,COUNTY,Other,1,1.30000000000000,1.3000000000,null,0,null
36735425167,2025-11-04,Ohio,CITY,City Council,1,2.12000000000000,2.1200000000,null,1,null
38726407734,2025-11-04,Ohio,CITY,Town Council,1,3.07000000000000,3.0700000000,null,0,null
28522918296,2025-04-01,Illinois,LOCAL,School Board,1,1.26000000000000,1.2600000000,null,1,null
39519966827,2025-11-04,North Carolina,CITY,Town Council,1,3.64000000000000,3.6400000000,null,1,null
21841773991,2024-11-05,Florida,COUNTY,Judge,1,2.24000000000000,2.2400000000,null,1,null
31015955757,2025-11-04,Ohio,CITY,Town Council,1,1.16000000000000,1.1600000000,null,0,null
40616215736,2025-11-04,Georgia,CITY,Mayor,1,null,null,null,1,null
38422495881,2025-11-04,Ohio,TOWNSHIP,Town Council,1,1.49000000000000,1.4900000000,null,0,null
31988397129,2025-11-04,Massachusetts,CITY,City Council,1,1.77000000000000,1.7700000000,null,0,null
38343436685,2025-11-04,Massachusetts,CITY,City Council,1,1.57000000000000,1.5700000000,null,0,null
39515918138,2025-11-04,New Mexico,Local,Other,1,2.41000000000000,2.4100000000,null,1,null
33300102665,2025-11-04,Virginia,STATE,null,1,0.30000000000000,0.3000000000,null,0,null
36542668628,2025-08-26,Alabama,CITY,City Council,1,3.31000000000000,3.3100000000,null,1,null
42072521581,2025-11-04,Iowa,CITY,Mayor,1,1.86000000000000,1.8600000000,null,0,null
32130263822,2025-05-03,Texas,CITY,City Council,1,4.99000000000000,4.9900000000,null,1,null
23656255601,2024-11-05,North Dakota,STATE,State House,1,4.95000000000000,4.9500000000,null,1,null
29300159310,2025-11-04,Pennsylvania,LOCAL,School Board,1,0.65000000000000,0.6500000000,null,0,null
23840832949,2024-11-05,Michigan,CITY,City Council,1,3.32000000000000,3.3200000000,null,1,null
22644862323,2024-11-05,California,CITY,City Council,1,1.83000000000000,1.8300000000,null,1,null
35426083105,2025-11-04,Washington,LOCAL,School Board,1,2.67000000000000,2.6700000000,null,1,null
36447852714,2025-11-04,Connecticut,CITY,City Council,1,0.28000000000000,0.2800000000,null,0,null
31381113131,2025-04-01,Wisconsin,CITY,Town Council,1,5.00000000000000,5.0000000000,null,1,null
31834842641,2025-05-03,Texas,LOCAL,School Board,1,1.07000000000000,1.0700000000,null,1,null
38578491500,2025-11-04,Ohio,TOWNSHIP,Town Council,1,1.49000000000000,1.4900000000,null,0,null
31288812939,2025-04-08,Missouri,CITY,City Council,1,3.30000000000000,3.3000000000,null,0,null
25029778190,2024-11-05,Minnesota,LOCAL,School Board,1,2.68000000000000,2.6800000000,null,1,null
31865156010,2025-05-03,Texas,CITY,Mayor,1,3.48000000000000,3.4800000000,null,0,null
21948317270,2024-11-05,Arizona,CITY,City Council,1,2.58000000000000,2.5800000000,null,1,null
39276036521,2025-11-04,Georgia,CITY,City Council,1,null,null,null,0,null
25110630971,2024-11-05,New Jersey,LOCAL,School Board,1,3.45000000000000,3.4500000000,null,0,null
40062473392,2025-11-04,New Jersey,LOCAL,School Board,1,null,null,null,1,null
23373702163,2024-11-05,Minnesota,LOCAL,Town Council,1,4.99000000000000,4.9900000000,null,1,null
23477227337,2024-11-05,Iowa,COUNTY,Utilities Commissioner,1,5.00000000000000,5.0000000000,null,1,null
32117109786,2025-11-04,Texas,CITY,City Council,1,2.40000000000000,2.4000000000,null,0,null
39247930744,2025-11-04,New Hampshire,CITY,City Council,1,0.77000000000000,0.7700000000,null,0,null
37527358536,2025-11-04,Ohio,CITY,null,1,0.76000000000000,0.7600000000,null,0,null
38234066967,2025-08-26,Alabama,CITY,City Council,1,1.72000000000000,1.7200000000,null,1,null
23620609958,2024-11-05,South Carolina,LOCAL,School Board,1,2.50000000000000,2.5000000000,null,0,null
22979087898,2024-11-05,Virginia,CITY,Town Council,1,1.46000000000000,1.4600000000,null,0,null
39226482184,2025-11-04,North Carolina,Local,City Council,1,1.60000000000000,1.6000000000,null,0,null
25070433315,2024-11-05,Indiana,LOCAL,School Board,1,4.98000000000000,4.9800000000,null,1,null
29994781234,2025-06-03,Mississippi,CITY,Mayor,1,4.99000000000000,4.9900000000,null,1,null
42288119834,2025-11-04,New Hampshire,CITY,City Council,1,0.81000000000000,0.8100000000,null,1,null
22983160214,2024-11-05,Kentucky,CITY,City Council,1,4.07000000000000,4.0700000000,null,1,null
30005209167,2025-02-16,New York,null,null,1,null,null,null,0,null
39262212360,2025-11-04,New York,CITY,null,1,null,null,null,0,null
25070441227,2024-11-05,California,LOCAL,School Board,1,1.61000000000000,1.6100000000,null,0,null
36688209787,2025-11-04,Iowa,LOCAL,School Board,1,4.18000000000000,4.1800000000,null,1,null
31616610603,2025-04-01,Wisconsin,LOCAL,City Council,1,5.00000000000000,5.0000000000,null,1,null
32154210627,2025-05-20,Oregon,LOCAL,School Board,1,5.00000000000000,5.0000000000,null,1,null
22306839886,2024-11-05,North Carolina,LOCAL,Utilities Commissioner,1,1.50000000000000,1.5000000000,null,1,null
32594098276,2025-05-03,Texas,CITY,City Council,1,0.90000000000000,0.9000000000,null,0,null
39179811446,2025-11-04,Pennsylvania,CITY,null,1,null,null,null,1,null
25085668621,2024-11-05,Minnesota,CITY,City Council,1,1.64000000000000,1.6400000000,null,0,null
30300765789,2025-04-01,null,Local,Town Council,1,4.00000000000000,4.0000000000,null,1,null
21979914509,2024-11-05,Florida,LOCAL,Utilities Commissioner,1,3.51000000000000,3.5100000000,null,1,null
43038541583,2025-11-04,New Mexico,CITY,null,1,null,null,null,0,null
40104564994,2025-11-04,Utah,LOCAL,null,1,1.54000000000000,1.5400000000,null,1,null
31847868005,2025-05-03,Texas,CITY,City Council,1,1.50000000000000,1.5000000000,null,0,null
23306526317,2024-11-05,Minnesota,LOCAL,School Board,1,5.00000000000000,5.0000000000,null,1,null
35874819753,2025-11-04,Washington,CITY,Mayor,1,2.12000000000000,2.1200000000,null,0,null
30758238851,2025-04-30,Florida,null,null,1,null,null,null,0,null
23758180763,2024-11-05,Tennessee,CITY,Mayor,1,0.64000000000000,0.6400000000,null,0,null
39426336942,2025-11-03,Georgia,Local,City Council,1,3.24000000000000,3.2400000000,null,1,null
34453004416,2025-11-04,Ohio,CITY,City Council,1,3.35000000000000,3.3500000000,null,1,null
22326051964,2024-11-05,Virginia,CITY,Town Council,1,1.86000000000000,1.8600000000,null,1,null
29492251423,2025-04-01,Illinois,LOCAL,School Board,1,3.87000000000000,3.8700000000,null,0,null
22823843997,2025-11-04,Michigan,CITY,City Council,1,2.68000000000000,2.6800000000,null,0,null
22326928183,2024-08-31,Delaware,Local,Town Council,1,null,null,null,1,null
39421931522,2025-11-03,New Mexico,Local,Other,1,2.00000000000000,2.0000000000,null,1,null
38588250403,2025-11-04,New York,COUNTY,null,1,0.94000000000000,0.9400000000,null,0,null
36617889034,2025-11-04,Kansas,LOCAL,School Board,1,1.05000000000000,1.0500000000,null,1,null
26729785171,2025-06-03,Mississippi,CITY,City Council,1,1.05000000000000,1.0500000000,null,0,null
36656718481,2025-11-04,Virginia,CITY,Mayor,1,3.24000000000000,3.2400000000,null,1,null
42700286055,2025-11-04,South Carolina,CITY,null,1,null,null,null,0,null
30470646456,2025-04-01,Missouri,LOCAL,School Board,1,1.74000000000000,1.7400000000,null,0,null
23728180758,2024-11-05,Oregon,CITY,City Council,1,3.19000000000000,3.1900000000,null,1,null
37144015524,2025-11-04,North Carolina,CITY,Town Council,1,3.96000000000000,3.9600000000,null,0,null
32389113131,2025-05-06,Massachusetts,CITY,Town Council,1,3.04000000000000,3.0400000000,null,0,null
37336391942,2026-11-03,New Jersey,TOWNSHIP,null,1,2.63000000000000,2.6300000000,null,0,null
40635846212,2025-11-04,Georgia,CITY,City Council,1,2.12000000000000,2.1200000000,null,0,null
35046872200,2025-08-05,Washington,LOCAL,School Board,1,1.17000000000000,1.1700000000,null,0,null
40617423900,2025-11-04,Washington,LOCAL,School Board,1,null,null,null,1,null
37321278251,2025-11-04,North Carolina,CITY,Town Council,1,2.53000000000000,2.5300000000,null,0,null
37754908500,2025-11-04,North Carolina,CITY,Town Council,1,null,null,null,1,null
34642177392,2025-11-04,Ohio,CITY,City Council,1,2.16000000000000,2.1600000000,null,1,null
40777396407,2025-10-04,Florida,null,null,1,null,null,null,0,null
31387301260,2025-04-01,Illinois,LOCAL,null,1,3.27000000000000,3.2700000000,null,0,null
39706253114,2025-11-03,New Mexico,Local,Mayor,1,0.45000000000000,0.4500000000,null,0,null
33407045015,2025-05-20,Oregon,County,Other,1,5.00000000000000,5.0000000000,null,1,null
31862641443,2025-05-03,Texas,CITY,Mayor,1,5.00000000000000,5.0000000000,null,1,null
32388942440,2025-05-20,Oregon,LOCAL,School Board,1,5.00000000000000,5.0000000000,null,1,null
22012178345,2026-11-03,Michigan,CITY,Utilities Commissioner,1,4.14000000000000,4.1400000000,null,1,null
22551197699,2024-11-05,Kentucky,LOCAL,School Board,1,5.00000000000000,5.0000000000,null,1,null
23221966456,2024-11-05,Minnesota,CITY,City Council,1,2.41000000000000,2.4100000000,null,0,null
28244610565,2025-04-01,Illinois,LOCAL,School Board,1,4.32000000000000,4.3200000000,null,1,null
40605420598,2025-11-05,New Mexico,Local,Other,1,2.41000000000000,2.4100000000,null,1,null
31967203338,2025-11-04,Minnesota,LOCAL,null,1,2.91000000000000,2.9100000000,null,0,null
38745093123,2025-11-04,Massachusetts,Local,City Council,1,2.02000000000000,2.0200000000,null,1,null
22976670287,2024-11-05,Michigan,CITY,City Council,1,3.88000000000000,3.8800000000,null,1,null
30485568678,2025-04-01,Missouri,CITY,Mayor,1,3.44000000000000,3.4400000000,null,0,null
41320779079,2025-11-04,Idaho,CITY,City Council,1,2.37000000000000,2.3700000000,null,1,null
40063863415,2025-11-04,Michigan,LOCAL,Other,1,2.81000000000000,2.8100000000,null,1,null
36489931366,2025-08-26,Alabama,CITY,Mayor,1,3.05000000000000,3.0500000000,null,1,null
27751711238,2025-04-08,Missouri,CITY,City Council,1,null,null,null,0,null
30309385379,2025-03-11,New Hampshire,CITY,Town Council,1,0.78000000000000,0.7800000000,null,0,null
42553314627,2025-11-04,Massachusetts,CITY,City Council,1,null,null,null,1,null
44066622213,2025-11-04,New York,CITY,null,1,null,null,null,0,null
38594186595,2025-08-26,Alabama,CITY,City Council,1,1.93000000000000,1.9300000000,null,0,null
22611362908,2024-11-05,Michigan,LOCAL,School Board,1,3.36000000000000,3.3600000000,null,1,null
36728672298,2025-11-04,Utah,CITY,City Council,5,0.95000000000000,0.9500000000,2025-11-04T07:00:00.000,1,text
38955225994,2025-10-07,Alaska,CITY,City Council,1,2.22000000000000,2.2200000000,null,0,null
31093906323,2025-11-04,Pennsylvania,LOCAL,Town Council,1,0.49000000000000,0.4900000000,null,0,null
38492776580,2025-11-04,Ohio,LOCAL,School Board,1,1.33000000000000,1.3300000000,null,0,null
31086857313,2025-04-01,Illinois,CITY,Town Council,1,3.13000000000000,3.1300000000,null,0,null
32910550054,2025-05-03,Texas,LOCAL,School Board,1,1.61000000000000,1.6100000000,null,1,null
41428412508,2025-11-04,Idaho,CITY,City Council,1,2.85000000000000,2.8500000000,null,1,null
21737086755,2024-11-05,Arizona,CITY,City Council,1,2.13000000000000,2.1300000000,null,1,null
26963480392,2025-04-08,Missouri,CITY,City Council,1,2.23000000000000,2.2300000000,null,0,null
30441303674,2025-04-01,Illinois,LOCAL,School Board,1,1.93000000000000,1.9300000000,null,1,null
31404358581,2025-04-01,Wisconsin,LOCAL,School Board,1,0.85000000000000,0.8500000000,null,1,null
23316851606,2024-11-05,District Of Columbia,COUNTY,School Board,1,1.24000000000000,1.2400000000,null,1,null
22974489112,2024-11-05,Georgia,LOCAL,School Board,1,1.91000000000000,1.9100000000,null,0,null
22427367578,2024-11-05,New Jersey,LOCAL,School Board,1,4.26000000000000,4.2600000000,null,0,null
36897703264,2025-11-04,Michigan,CITY,City Council,1,2.68000000000000,2.6800000000,null,0,null
36797150900,2025-11-04,Ohio,CITY,Town Council,1,1.49000000000000,1.4900000000,null,0,null
39594424849,2025-11-04,New Mexico,Local,Town Council,1,1.04000000000000,1.0400000000,null,1,null
23621904711,2024-11-05,Minnesota,CITY,City Council,1,2.50000000000000,2.5000000000,null,1,null
25034142090,2024-11-05,Michigan,LOCAL,School Board,1,1.52000000000000,1.5200000000,null,0,null
23129435286,2024-11-05,Minnesota,LOCAL,School Board,1,2.68000000000000,2.6800000000,null,0,null
38806480787,2025-09-09,South Carolina,CITY,City Council,1,1.76000000000000,1.7600000000,null,0,null
23623436962,2024-11-05,California,CITY,City Council,1,3.57000000000000,3.5700000000,null,1,null
23113264191,2024-11-05,Minnesota,CITY,City Council,1,2.41000000000000,2.4100000000,null,0,null
35220716294,2025-11-04,null,Local,Mayor,1,2.12000000000000,2.1200000000,null,1,null
43252663619,2025-11-04,Iowa,CITY,null,1,2.61000000000000,2.6100000000,null,1,null
22969550514,2024-11-05,California,County,School Board,1,null,null,null,1,null
40058693222,2025-11-04,Iowa,CITY,City Council,1,null,null,null,1,null
22739797545,2024-11-05,Minnesota,CITY,City Council,1,1.93000000000000,1.9300000000,null,0,null
39369764387,2025-11-04,New Jersey,LOCAL,School Board,1,2.78000000000000,2.7800000000,null,1,null
30408623757,2025-11-04,North Carolina,CITY,null,1,2.29000000000000,2.2900000000,null,0,null
22779098424,2024-11-05,Nebraska,CITY,Town Council,1,1.47000000000000,1.4700000000,null,0,null
30479230806,2025-05-20,Oregon,LOCAL,School Board,1,5.00000000000000,5.0000000000,null,1,null
37037508106,2025-08-26,Alabama,CITY,City Council,1,1.72000000000000,1.7200000000,null,0,null
23840840491,2024-11-05,Maine,LOCAL,School Board,1,2.59000000000000,2.5900000000,null,1,null
32633683498,2025-05-03,Texas,CITY,Mayor,1,1.59000000000000,1.5900000000,null,0,null
23142433704,2024-11-05,Arizona,LOCAL,School Board,1,3.43000000000000,3.4300000000,null,0,null
32988106278,2025-05-20,Oregon,LOCAL,Other,1,4.99000000000000,4.9900000000,null,1,null
39513375572,2025-11-04,New Mexico,LOCAL,City Council,1,0.54000000000000,0.5400000000,null,1,null
35845626038,2025-08-26,Alabama,CITY,null,1,1.71000000000000,1.7100000000,null,0,null
40992144796,2025-11-04,Iowa,LOCAL,School Board,1,2.40000000000000,2.4000000000,null,1,null
30781587456,2025-03-11,New Hampshire,LOCAL,School Board,1,3.04000000000000,3.0400000000,null,1,null
36096023301,2025-11-04,Washington,LOCAL,School Board,1,2.67000000000000,2.6700000000,null,1,null
41633841438,2025-11-04,Ohio,TOWNSHIP,Town Council,1,null,null,null,0,null
23254086764,2024-11-05,Minnesota,LOCAL,School Board,1,2.19000000000000,2.1900000000,null,0,null
23774523658,2024-11-05,New Jersey,LOCAL,School Board,1,0.56000000000000,0.5600000000,null,0,null
23802290203,2024-11-05,California,LOCAL,School Board,1,0.91000000000000,0.9100000000,null,0,null
40784799157,2025-11-04,Colorado,LOCAL,School Board,1,null,null,null,1,null
22902727082,2024-11-05,California,CITY,City Council,1,1.05000000000000,1.0500000000,null,0,null
38345760905,2025-11-04,Massachusetts,CITY,City Council,1,2.18000000000000,2.1800000000,null,1,null
32791162541,2025-05-20,Oregon,LOCAL,School Board,1,1.33000000000000,1.3300000000,null,0,null
19111130519,2024-03-05,California,LOCAL,School Board,1,1.16000000000000,1.1600000000,null,0,null
30905083649,2025-05-03,Texas,CITY,Mayor,1,1.38000000000000,1.3800000000,null,0,null
37974606134,2025-11-04,Montana,CITY,null,1,2.06000000000000,2.0600000000,null,0,null
35138081802,2025-11-04,Iowa,LOCAL,School Board,1,4.18000000000000,4.1800000000,null,0,null
21169118889,2024-11-05,Indiana,LOCAL,School Board,1,5.00000000000000,5.0000000000,null,0,null
35248717886,2025-11-04,New York,TOWNSHIP,Town Council,1,3.00000000000000,3.0000000000,null,1,null
22674770749,2024-11-05,Virginia,CITY,Town Council,1,4.46000000000000,4.4600000000,null,1,null
40347126414,2025-11-04,Massachusetts,LOCAL,School Board,1,null,null,null,1,null
30103073302,2025-04-01,Wisconsin,LOCAL,Town Council,1,2.85000000000000,2.8500000000,null,0,null
30350497380,2025-03-11,Minnesota,LOCAL,Clerk/Treasurer,1,4.99000000000000,4.9900000000,null,1,null
35838494118,2025-11-04,Washington,LOCAL,School Board,1,1.17000000000000,1.1700000000,null,1,null
40817953411,2025-11-04,North Carolina,CITY,Town Council,1,null,null,null,1,null
35859367216,2025-11-04,Washington,CITY,null,1,1.08000000000000,1.0800000000,null,0,null
34851494046,2025-08-26,Alabama,CITY,City Council,1,1.93000000000000,1.9300000000,null,0,null
28506449709,2025-04-01,Illinois,CITY,Town Council,1,3.69000000000000,3.6900000000,null,1,null
30259535778,2025-04-01,Colorado,CITY,City Council,1,0.72000000000000,0.7200000000,null,0,null
32039359049,2025-11-04,Ohio,LOCAL,School Board,1,1.24000000000000,1.2400000000,null,0,null
18968530956,2024-11-08,Arizona,Local,School Board,1,null,null,null,1,null
20927406195,2024-11-05,Florida,CITY,City Council,1,2.30000000000000,2.3000000000,null,1,null
22763801477,2024-11-05,Virginia,LOCAL,School Board,1,2.66000000000000,2.6600000000,null,1,null
32050943119,2025-05-20,New York,LOCAL,School Board,1,1.46000000000000,1.4600000000,null,0,null
40547982748,2025-11-04,Ohio,TOWNSHIP,Town Council,1,1.49000000000000,1.4900000000,null,0,null
35990719812,2025-11-04,Kansas,CITY,City Council,1,2.84000000000000,2.8400000000,null,0,null
23110768646,2024-11-05,Minnesota,CITY,City Council,1,2.11000000000000,2.1100000000,null,1,null
37480388680,2025-11-04,Washington,CITY,City Council,1,0.99000000000000,0.9900000000,null,0,null
36293037735,2025-11-04,South Carolina,CITY,Mayor,1,1.76000000000000,1.7600000000,null,1,null
32218307687,2025-05-06,Massachusetts,CITY,Town Council,1,1.45000000000000,1.4500000000,null,0,null
36736961924,2025-08-26,Alabama,CITY,City Council,1,1.72000000000000,1.7200000000,null,1,null
22478283952,2024-11-05,North Carolina,LOCAL,School Board,1,0.90000000000000,0.9000000000,null,0,null
21593509776,2024-11-05,Utah,LOCAL,School Board,1,null,null,null,0,null
30373546152,2025-03-01,Oklahoma,null,null,1,null,null,null,1,null
35721056053,2025-11-04,Kansas,CITY,City Council,1,1.30000000000000,1.3000000000,null,0,null
23467425314,2024-11-05,Minnesota,LOCAL,School Board,1,4.06000000000000,4.0600000000,null,0,null
32011287423,2025-05-20,Oregon,LOCAL,Other,1,4.99000000000000,4.9900000000,null,1,null
36496362676,2025-11-04,Michigan,CITY,City Council,1,3.51000000000000,3.5100000000,null,1,null
33233572978,2025-06-03,Mississippi,CITY,Town Council,1,0.91000000000000,0.9100000000,null,0,null
38767863429,2025-11-04,New Jersey,LOCAL,School Board,1,3.01000000000000,3.0100000000,null,0,null
28313833081,2025-04-01,Oklahoma,LOCAL,School Board,1,3.58000000000000,3.5800000000,null,0,null
36772969911,2025-08-26,Alabama,CITY,City Council,1,3.31000000000000,3.3100000000,null,0,null
23143196803,2024-11-05,California,CITY,Town Council,1,1.73000000000000,1.7300000000,null,0,null
35407771972,2025-08-26,Alabama,CITY,City Council,1,1.93000000000000,1.9300000000,null,0,null
23810995048,2024-11-05,Nebraska,LOCAL,Utilities Commissioner,1,3.81000000000000,3.8100000000,null,1,null
39370789893,2025-11-04,Virginia,LOCAL,County Supervisor,1,2.39000000000000,2.3900000000,null,0,null
36450280236,2025-08-26,Alabama,CITY,Mayor,1,1.48000000000000,1.4800000000,null,0,null
40349932405,2025-11-04,Georgia,CITY,Town Council,1,1.66000000000000,1.6600000000,null,0,null
19584001139,2024-04-02,Alaska,COUNTY,Mayor,1,0.49000000000000,0.4900000000,null,0,null
40710052721,2025-11-04,Iowa,LOCAL,School Board,1,null,null,null,1,null
40351247681,2025-11-03,Idaho,Local,Other,1,null,null,null,1,null
37899258140,2025-11-04,Ohio,TOWNSHIP,Town Council,1,1.49000000000000,1.4900000000,null,0,null
36903706901,2025-11-04,Massachusetts,CITY,Mayor,1,1.55000000000000,1.5500000000,null,0,null
39423114642,null,null,null,null,1,null,null,null,1,null
36254207828,2025-11-04,Kansas,LOCAL,School Board,1,1.09000000000000,1.0900000000,null,0,null
41012011177,2025-11-04,Iowa,CITY,Mayor,1,null,null,null,0,null
37386981906,2025-11-04,Kansas,CITY,Mayor,1,2.08000000000000,2.0800000000,null,1,null
35156601755,2025-11-04,Ohio,CITY,City Council,1,2.60000000000000,2.6000000000,null,0,null
23554843465,2024-11-05,Minnesota,LOCAL,School Board,1,1.36000000000000,1.3600000000,null,1,null
29867974659,2025-03-11,New Hampshire,CITY,Town Council,1,1.35000000000000,1.3500000000,null,1,null
42298182316,2025-11-04,Iowa,CITY,City Council,1,4.02000000000000,4.0200000000,null,1,null
35300674432,2025-11-04,Colorado,CITY,City Council,1,1.09000000000000,1.0900000000,null,0,null
35600946197,2025-11-04,Washington,LOCAL,Other,1,2.79000000000000,2.7900000000,null,1,null
27898556285,2025-05-19,Georgia,LOCAL,School Board,1,2.76000000000000,2.7600000000,null,1,null
31176787835,2025-04-01,Illinois,CITY,Town Council,1,4.38000000000000,4.3800000000,null,1,null
41081982068,2025-11-04,Iowa,CITY,Mayor,1,null,null,null,0,null
23489496963,2024-11-05,Minnesota,LOCAL,School Board,1,3.73000000000000,3.7300000000,null,1,null
30680811324,2025-04-01,Illinois,CITY,City Council,1,2.67000000000000,2.6700000000,null,0,null
35489249322,2025-11-04,Washington,CITY,City Council,1,0.99000000000000,0.9900000000,null,0,null
35908142466,2025-11-04,Kansas,CITY,City Council,1,2.84000000000000,2.8400000000,null,0,null
23808166691,2024-11-05,California,Local,School Board,1,null,null,null,0,null
22375551542,2024-11-05,Indiana,LOCAL,School Board,1,1.27000000000000,1.2700000000,null,1,null
23584878630,2024-11-05,California,COUNTY,County Supervisor,1,2.24000000000000,2.2400000000,null,0,null
32792726171,2025-05-20,Idaho,LOCAL,Other,1,4.98000000000000,4.9800000000,null,1,null
21613147952,2024-11-05,Utah,LOCAL,School Board,1,null,null,null,1,null
39848876671,2025-11-04,Colorado,CITY,City Council,1,1.20000000000000,1.2000000000,null,0,null
36952132753,2025-11-04,New Jersey,LOCAL,School Board,1,2.52000000000000,2.5200000000,null,1,null
40249505681,2025-11-04,South Carolina,Local,Town Council,1,4.07000000000000,4.0700000000,null,1,null
28877156273,2025-04-01,Illinois,LOCAL,School Board,1,2.10000000000000,2.1000000000,null,0,null
32680793148,2025-05-20,Massachusetts,LOCAL,School Board,1,1.21000000000000,1.2100000000,null,1,null
23403801272,2024-11-05,California,CITY,City Council,1,2.03000000000000,2.0300000000,null,0,null
32866792889,2025-05-20,Oregon,LOCAL,School Board,1,2.47000000000000,2.4700000000,null,0,null
32791794533,2025-05-20,Oregon,LOCAL,Other,1,1.49000000000000,1.4900000000,null,1,null
29941472591,2025-04-08,Missouri,CITY,City Council,1,1.56000000000000,1.5600000000,null,1,null
38260597371,2025-08-26,Alabama,CITY,City Council,1,1.93000000000000,1.9300000000,null,0,null
20323223468,2024-11-05,Minnesota,Local,City Council,1,2.53000000000000,2.5300000000,null,0,null
41348746847,2025-11-04,Idaho,Local,Other,1,null,null,null,1,null
38113868720,2025-11-04,North Carolina,CITY,Mayor,1,2.94000000000000,2.9400000000,null,1,null
38948426067,2025-11-04,Ohio,CITY,City Council,1,1.13000000000000,1.1300000000,null,1,null
36277986864,2025-11-04,Kansas,LOCAL,School Board,1,3.11000000000000,3.1100000000,null,1,null
39169604444,2025-10-07,Alaska,CITY,Mayor,1,3.09000000000000,3.0900000000,null,1,null
35433821792,2025-11-04,Washington,LOCAL,School Board,1,2.67000000000000,2.6700000000,null,0,null
36624871726,2025-11-05,Utah,Local,Other,1,1.65000000000000,1.6500000000,null,1,null
39141457691,2025-11-04,South Carolina,CITY,City Council,1,1.76000000000000,1.7600000000,null,0,null
21477663531,2024-11-05,Arizona,CITY,City Council,1,2.58000000000000,2.5800000000,null,0,null
28919635726,2025-04-01,Illinois,LOCAL,School Board,1,0.95000000000000,0.9500000000,null,0,null
35157932619,2025-11-04,Washington,CITY,City Council,1,0.99000000000000,0.9900000000,null,0,null
38614894862,2025-11-04,Ohio,LOCAL,School Board,1,1.24000000000000,1.2400000000,null,0,null
29345227647,2025-06-03,Mississippi,CITY,Mayor,1,0.80000000000000,0.8000000000,null,0,null
23577343018,2024-11-05,Minnesota,LOCAL,School Board,1,2.68000000000000,2.6800000000,null,0,null
39000245532,2025-10-07,Alaska,CITY,City Council,1,3.28000000000000,3.2800000000,null,0,null
35436720188,2025-11-04,Ohio,TOWNSHIP,Town Council,1,3.07000000000000,3.0700000000,null,1,null
31278004310,2025-04-01,Wisconsin,LOCAL,Clerk/Treasurer,1,5.00000000000000,5.0000000000,null,1,null
23962354543,2024-11-05,South Carolina,CITY,City Council,1,3.35000000000000,3.3500000000,null,1,null
36906433040,2025-11-04,Michigan,CITY,City Council,1,2.68000000000000,2.6800000000,null,0,null
23160710301,2024-11-05,South Carolina,CITY,Town Council,1,3.74000000000000,3.7400000000,null,1,null
23299398788,2024-11-05,South Carolina,CITY,Mayor,1,1.33000000000000,1.3300000000,null,0,null
33013322893,2025-05-20,Oregon,LOCAL,School Board,1,5.00000000000000,5.0000000000,null,1,null
23372774550,2024-11-05,Minnesota,LOCAL,Town Council,1,2.39000000000000,2.3900000000,null,1,null
22448124756,2024-11-05,Indiana,LOCAL,School Board,1,1.73000000000000,1.7300000000,null,0,null
39264267687,2025-11-04,New Mexico,Local,School Board,1,0.66000000000000,0.6600000000,null,1,null
37454204182,2025-11-04,North Carolina,CITY,City Council,1,2.06000000000000,2.0600000000,null,1,null
40375801401,2025-11-04,Kansas,CITY,City Council,1,null,null,null,1,null
33679280969,2025-11-04,Iowa,LOCAL,School Board,1,4.18000000000000,4.1800000000,null,1,null
23215042162,2024-11-05,Michigan,LOCAL,School Board,1,1.37000000000000,1.3700000000,null,1,null
33075581591,2025-05-20,New York,LOCAL,School Board,1,4.19000000000000,4.1900000000,null,1,null
37911428636,2025-11-04,Texas,CITY,City Council,1,1.83000000000000,1.8300000000,null,1,null
32189327902,2025-05-06,Massachusetts,LOCAL,Sheriff,1,5.00000000000000,5.0000000000,null,1,null
29699885908,2025-04-01,Illinois,LOCAL,null,1,3.84000000000000,3.8400000000,null,0,null
35936853077,2025-11-04,North Carolina,CITY,City Council,1,1.81000000000000,1.8100000000,null,0,null
35927643526,2025-08-26,Alabama,CITY,City Council,1,1.72000000000000,1.7200000000,null,0,null
36989289511,2025-11-04,North Carolina,CITY,City Council,1,0.74000000000000,0.7400000000,null,0,null
33220800259,2025-05-20,Massachusetts,CITY,City Council,1,1.61000000000000,1.6100000000,null,0,null
41185027975,2025-11-04,Ohio,LOCAL,null,1,null,null,null,0,null
39552787373,2025-11-04,Massachusetts,LOCAL,School Board,1,1.82000000000000,1.8200000000,null,0,null
30568295967,2025-11-04,Ohio,LOCAL,School Board,1,1.33000000000000,1.3300000000,null,0,null
36334537058,2025-11-04,Utah,CITY,Mayor,1,2.09000000000000,2.0900000000,null,1,null
39589057970,2025-11-04,New Jersey,LOCAL,School Board,1,null,null,null,0,null
38672401304,2025-11-04,New York,TOWNSHIP,Mayor,1,1.10000000000000,1.1000000000,null,0,null
25293270908,2024-11-05,Virginia,Local,City Council,1,1.60000000000000,1.6000000000,null,0,null
41379940380,2025-11-04,Georgia,CITY,City Council,1,3.25000000000000,3.2500000000,null,1,null
9430310036,null,Utah,State,Congressional,1,null,null,null,0,null
36438288049,2025-11-04,New Hampshire,CITY,City Council,1,0.57000000000000,0.5700000000,null,0,null
40874261117,2025-11-04,Massachusetts,CITY,City Council,1,null,null,null,1,null
32867256243,2025-05-20,Massachusetts,LOCAL,Other,1,5.00000000000000,5.0000000000,null,1,null
31897742429,2025-11-04,South Carolina,CITY,School Board,1,2.21000000000000,2.2100000000,null,0,null
38335280232,2025-11-04,Ohio,TOWNSHIP,Town Council,1,3.07000000000000,3.0700000000,null,1,null
22032487473,2024-11-05,Hawaii,COUNTY,County Supervisor,1,0.75000000000000,0.7500000000,null,0,null
38752429087,2025-11-04,Ohio,CITY,Town Council,1,1.12000000000000,1.1200000000,null,1,null
28151197449,2025-04-01,Illinois,LOCAL,School Board,1,4.32000000000000,4.3200000000,null,1,null
40874295178,2025-11-04,Utah,CITY,City Council,1,0.97000000000000,0.9700000000,2025-10-15T06:00:00.000,0,text
43079696995,2025-11-04,North Carolina,CITY,null,1,null,null,null,0,null
32052907307,2025-05-03,Texas,CITY,City Council,1,5.00000000000000,5.0000000000,null,1,null
38126965681,2025-11-04,Massachusetts,CITY,City Council,1,2.02000000000000,2.0200000000,null,0,null
23519308923,2024-11-05,Minnesota,LOCAL,School Board,1,2.68000000000000,2.6800000000,null,1,null
39704761991,2025-11-04,Connecticut,CITY,Mayor,1,null,null,null,0,null
40103569968,2025-11-04,Washington,LOCAL,School Board,1,1.17000000000000,1.1700000000,null,1,null
37400894508,2025-11-04,North Carolina,CITY,City Council,1,1.61000000000000,1.6100000000,null,0,null
41742264198,2025-11-04,Utah,null,School Board,1,null,null,null,0,null
30823848631,2025-04-01,Illinois,Local,City Council,1,3.69000000000000,3.6900000000,null,1,null
23140635466,2024-11-05,Minnesota,LOCAL,School Board,1,4.06000000000000,4.0600000000,null,1,null
39363320483,2025-11-04,Colorado,CITY,City Council,1,1.59000000000000,1.5900000000,null,0,null
36167872025,2025-11-04,North Carolina,CITY,Mayor,1,1.59000000000000,1.5900000000,null,0,null
30754570023,2025-05-03,Texas,CITY,null,1,2.48000000000000,2.4800000000,null,0,null
23080421226,2024-11-05,Michigan,LOCAL,School Board,1,2.51000000000000,2.5100000000,null,0,null
31085937507,2025-11-04,Pennsylvania,LOCAL,null,1,0.65000000000000,0.6500000000,null,0,null
22824472721,2024-11-05,New Jersey,LOCAL,School Board,1,3.79000000000000,3.7900000000,null,1,null
39615920748,2025-11-04,Idaho,CITY,City Council,1,0.97000000000000,0.9700000000,null,0,null
35996742704,2025-11-04,Kansas,CITY,City Council,1,1.30000000000000,1.3000000000,null,1,null
40100227382,2025-11-04,Idaho,CITY,City Council,1,0.97000000000000,0.9700000000,null,1,null
21979884668,2024-11-05,Arizona,CITY,City Council,1,2.43000000000000,2.4300000000,null,0,null
22447401313,2024-11-05,Florida,LOCAL,School Board,1,3.61000000000000,3.6100000000,null,0,null
41421922233,2025-11-04,Iowa,CITY,City Council,1,2.12000000000000,2.1200000000,null,1,null
37053134675,2025-11-04,Virginia,COUNTY,County Supervisor,1,1.86000000000000,1.8600000000,null,1,null
23945903239,2024-11-05,Massachusetts,LOCAL,School Board,1,4.99000000000000,4.9900000000,null,1,null
39489242788,2025-11-04,Georgia,CITY,City Council,1,2.12000000000000,2.1200000000,null,1,null
41222797898,2025-11-04,Mississippi,STATE,State Senate,1,0.06000000000000,0.0600000000,null,0,null
40255335697,2025-11-04,Ohio,TOWNSHIP,Town Council,1,3.07000000000000,3.0700000000,null,1,null
39263397949,2025-11-04,Ohio,LOCAL,School Board,1,1.41000000000000,1.4100000000,null,1,null
23241512976,2024-11-05,Wyoming,STATE,State House,1,0.40000000000000,0.4000000000,null,0,null
29643726213,2025-04-01,Missouri,CITY,City Council,1,5.00000000000000,5.0000000000,null,1,null
25173799789,2024-11-05,Wyoming,LOCAL,School Board,1,5.00000000000000,5.0000000000,null,1,null
28717013281,2025-04-01,Illinois,LOCAL,School Board,1,1.93000000000000,1.9300000000,null,1,null
35675804281,2025-11-04,Kansas,CITY,City Council,1,1.05000000000000,1.0500000000,null,0,null
21545905253,2024-11-05,South Carolina,STATE,State Senate,1,0.41000000000000,0.4100000000,null,0,null
30039228012,2025-03-11,Florida,CITY,Town Council,1,5.00000000000000,5.0000000000,null,1,null
40718952871,2025-11-04,Florida,CITY,City Council,1,3.21000000000000,3.2100000000,null,1,null
23961981766,2024-11-05,California,LOCAL,School Board,1,3.67000000000000,3.6700000000,null,1,null
38347198037,2025-11-04,South Carolina,TOWN,Town Council,1,2.18000000000000,2.1800000000,2025-10-02T04:00:00.000,0,text
32389759621,2025-05-20,Oregon,LOCAL,Other,1,4.99000000000000,4.9900000000,null,1,null
36984083582,2025-11-04,Ohio,TOWNSHIP,Town Council,1,2.84000000000000,2.8400000000,null,1,null
25889026365,2025-11-04,Pennsylvania,LOCAL,Town Council,1,0.51000000000000,0.5100000000,null,0,null
40877827101,2025-11-04,Iowa,LOCAL,School Board,1,3.87000000000000,3.8700000000,null,1,null
20174493749,2024-11-05,Kentucky,CITY,City Council,1,1.45000000000000,1.4500000000,null,1,null
31093956948,2025-05-03,Texas,CITY,City Council,1,1.50000000000000,1.5000000000,null,0,null
34087397437,2025-11-04,Ohio,LOCAL,Town Council,1,3.06000000000000,3.0600000000,null,1,null
31559072937,2025-11-04,Washington,LOCAL,null,1,1.17000000000000,1.1700000000,null,0,null
23708107137,2024-11-05,California,CITY,City Council,1,1.66000000000000,1.6600000000,null,0,null
22508301874,2024-11-05,Michigan,CITY,Town Council,1,1.88000000000000,1.8800000000,null,1,null
28682144179,2025-04-01,Oklahoma,LOCAL,School Board,1,5.00000000000000,5.0000000000,null,1,null
31470430075,2025-04-08,Missouri,CITY,City Council,1,0.98000000000000,0.9800000000,null,1,null
23166293137,2024-11-05,Tennessee,CITY,City Council,1,3.45000000000000,3.4500000000,null,1,null
22918474853,2024-11-05,Minnesota,CITY,Mayor,1,2.34000000000000,2.3400000000,null,1,null
22127844988,2024-11-05,Minnesota,CITY,City Council,1,3.88000000000000,3.8800000000,null,1,null
23494697491,2024-11-05,Florida,LOCAL,Other,1,1.74000000000000,1.7400000000,null,1,null
22251461993,2024-11-05,Washington,County,Other,1,null,null,null,0,null
31700312120,null,null,CITY,null,1,2.52000000000000,2.5200000000,null,0,null
22512127882,2024-11-05,Texas,LOCAL,City Council,1,null,null,null,0,null
39413794091,2025-11-04,South Carolina,LOCAL,Other,1,2.14000000000000,2.1400000000,null,1,null
40942305853,2025-11-04,South Carolina,CITY,Town Council,1,2.21000000000000,2.2100000000,null,0,null
35531325744,2025-08-26,Alabama,CITY,Mayor,1,1.71000000000000,1.7100000000,2025-08-16T05:00:00.000,0,text
23728188801,2024-11-05,Arizona,LOCAL,School Board,1,4.61000000000000,4.6100000000,null,1,null
36393593627,2025-11-04,North Carolina,CITY,City Council,2,0.48000000000000,0.4800000000,2025-09-18T04:00:00.000,0,text
22143789464,2024-11-05,Alaska,STATE,State House,1,0.80000000000000,0.8000000000,null,0,null
35321628678,2025-11-04,Montana,CITY,City Council,1,2.06000000000000,2.0600000000,null,1,null
36951970864,2025-11-04,Washington,COUNTY,County Supervisor,1,0.79000000000000,0.7900000000,null,1,null
39434502738,2025-11-03,New Mexico,Local,Other,1,2.15000000000000,2.1500000000,null,0,null
38979505317,2025-11-04,Colorado,CITY,City Council,1,null,null,null,0,null
25964791220,2025-11-04,Ohio,CITY,null,1,1.22000000000000,1.2200000000,null,0,null
38558923655,2025-11-04,Ohio,CITY,City Council,1,0.82000000000000,0.8200000000,null,1,null
22674687511,2024-11-05,New Jersey,LOCAL,School Board,1,1.18000000000000,1.1800000000,null,1,null
37755071113,2025-11-04,Kansas,CITY,City Council,1,2.84000000000000,2.8400000000,null,1,null
25113067661,2024-11-05,Connecticut,CITY,Town Council,1,4.99000000000000,4.9900000000,null,1,null
31403696717,2025-04-01,Illinois,LOCAL,Clerk/Treasurer,1,5.00000000000000,5.0000000000,null,1,null
23304843702,2024-11-05,Minnesota,LOCAL,School Board,1,4.23000000000000,4.2300000000,null,1,null
22205635765,2024-11-05,Kansas,CITY,City Council,1,null,null,null,1,null
37893536930,2025-11-04,Michigan,CITY,City Council,1,2.41000000000000,2.4100000000,null,0,null
36332052797,2025-08-26,Alabama,CITY,City Council,1,3.31000000000000,3.3100000000,null,1,null
23534609258,2024-11-05,Minnesota,LOCAL,Clerk/Treasurer,1,3.44000000000000,3.4400000000,null,1,null
40609293719,2025-11-04,New Mexico,Local,School Board,1,0.92000000000000,0.9200000000,null,1,null
23075042383,2024-11-05,Minnesota,CITY,City Council,1,2.38000000000000,2.3800000000,null,0,null
21511263263,2024-11-05,Arizona,COUNTY,County Supervisor,1,0.67000000000000,0.6700000000,null,0,null
23248247298,2024-11-05,Minnesota,LOCAL,School Board,1,4.61000000000000,4.6100000000,null,1,null
23445782316,2024-11-05,Oregon,CITY,City Council,1,4.99000000000000,4.9900000000,null,1,null
42696147277,2025-11-04,New York,COUNTY,null,1,null,null,null,1,null
22397589129,2024-11-05,Wyoming,CITY,Town Council,1,2.66000000000000,2.6600000000,null,0,null
38547352601,2025-11-04,North Carolina,CITY,City Council,1,1.61000000000000,1.6100000000,null,1,null
41691765784,2025-11-04,Washington,CITY,City Council,1,null,null,null,0,null
22747091892,2024-11-05,Virginia,COUNTY,City Council,1,1.67000000000000,1.6700000000,null,0,null
28372442736,2025-04-01,Oklahoma,LOCAL,School Board,1,3.58000000000000,3.5800000000,null,0,null
23551414685,2024-11-05,Minnesota,LOCAL,School Board,1,4.23000000000000,4.2300000000,null,1,null
22045277445,2024-11-05,South Carolina,County,County Supervisor,1,null,null,null,1,null
31618312737,2025-04-01,Wisconsin,CITY,City Council,1,3.71000000000000,3.7100000000,null,1,null
23354235008,2024-11-05,Oregon,CITY,City Council,1,4.19000000000000,4.1900000000,null,1,null
32905714537,null,null,Local,null,1,1.69000000000000,1.6900000000,null,1,null
32569295110,2025-05-03,Texas,CITY,City Council,1,0.90000000000000,0.9000000000,null,0,null
31722281579,2025-05-03,null,CITY,City Council,1,0.90000000000000,0.9000000000,null,0,null
30597357943,2025-04-01,Illinois,LOCAL,Town Council,1,2.44000000000000,2.4400000000,null,1,null
22887539983,2024-11-05,Minnesota,CITY,Mayor,1,1.68000000000000,1.6800000000,null,1,null
23732876817,2024-11-05,Arizona,LOCAL,Utilities Commissioner,1,5.00000000000000,5.0000000000,null,1,null
23899786806,2024-11-05,Oregon,CITY,Mayor,1,0.45000000000000,0.4500000000,null,0,null
32855242903,2025-05-20,null,LOCAL,School Board,1,4.99000000000000,4.9900000000,null,1,null
39504245329,2025-11-04,Georgia,CITY,City Council,1,1.66000000000000,1.6600000000,null,0,null
36393822890,2025-11-04,null,LOCAL,School Board,1,1.17000000000000,1.1700000000,null,1,null
33603040029,2025-05-20,Oregon,LOCAL,Other,1,5.00000000000000,5.0000000000,null,1,null
36881547811,2025-11-04,Ohio,CITY,City Council,1,3.35000000000000,3.3500000000,null,1,null
37901888779,2025-11-04,Ohio,REGIONAL,School Board,1,2.88000000000000,2.8800000000,null,1,null
23849994816,2024-11-05,Florida,County,Other,1,null,null,null,1,null
31198758414,2025-04-01,Illinois,CITY,Clerk/Treasurer,1,1.70000000000000,1.7000000000,null,0,null
42354562992,2025-11-04,Alaska,LOCAL,School Board,1,2.21000000000000,2.2100000000,null,1,null
30442091945,2025-04-08,Missouri,LOCAL,School Board,1,1.74000000000000,1.7400000000,null,1,null
34642201907,null,null,CITY,null,1,3.11000000000000,3.1100000000,null,1,null
21580443717,2024-11-05,Utah,COUNTY,School Board,1,null,null,null,1,null
38337901120,2025-11-04,Ohio,TOWNSHIP,Town Council,1,1.49000000000000,1.4900000000,null,0,null
40248591033,2025-11-04,Minnesota,CITY,City Council,1,1.93000000000000,1.9300000000,null,1,null
36377434896,2025-11-04,Michigan,CITY,City Council,1,3.88000000000000,3.8800000000,null,0,null
22675586450,2024-11-05,California,CITY,Mayor,1,0.62000000000000,0.6200000000,null,0,null
35741260291,2025-11-04,Virginia,STATE,null,1,0.30000000000000,0.3000000000,null,1,null
39106632867,2025-11-04,New Jersey,LOCAL,School Board,1,2.78000000000000,2.7800000000,null,1,null
32317749656,2025-05-20,Oregon,LOCAL,Other,1,1.62000000000000,1.6200000000,null,0,null
23498869359,2024-11-05,California,CITY,City Council,1,1.83000000000000,1.8300000000,null,0,null
17735990848,2024-11-05,Virginia,Local,City Council,1,null,null,null,0,null
38586483520,2025-11-04,null,CITY,City Council,1,2.12000000000000,2.1200000000,null,0,null
36318056284,2025-08-26,Alabama,CITY,City Council,1,1.72000000000000,1.7200000000,null,0,null
23238783820,2024-11-05,South Carolina,LOCAL,Utilities Commissioner,1,5.00000000000000,5.0000000000,null,1,null
21170149017,2024-11-05,North Dakota,CITY,City Council,1,4.12000000000000,4.1200000000,null,1,null
39358260012,2025-11-04,Colorado,CITY,City Council,1,1.59000000000000,1.5900000000,null,0,null
33146229592,2025-08-26,Alabama,CITY,Mayor,2,1.31000000000000,1.3100000000,2025-08-14T05:00:00.000,1,text
37308370297,2025-11-04,New Mexico,CITY,null,1,0.57000000000000,0.5700000000,null,0,null
30267806614,2025-04-01,Illinois,LOCAL,School Board,1,1.93000000000000,1.9300000000,null,0,null
38118311816,2025-11-04,North Carolina,CITY,Town Council,1,2.53000000000000,2.5300000000,null,0,null
39297933912,2025-11-04,North Carolina,CITY,Town Council,1,2.53000000000000,2.5300000000,null,1,null
36447809338,2025-08-26,Alabama,CITY,City Council,1,1.72000000000000,1.7200000000,null,1,null
39490701375,2025-11-04,Minnesota,LOCAL,School Board,1,2.68000000000000,2.6800000000,null,1,null
38903444532,2025-11-04,Michigan,CITY,Mayor,1,3.27000000000000,3.2700000000,null,0,null
21840120419,2024-11-05,Utah,STATE,School Board,1,1.44000000000000,1.4400000000,null,0,null
35486498144,2025-11-04,Washington,CITY,City Council,1,0.99000000000000,0.9900000000,null,1,null
23207312389,2024-11-05,Michigan,LOCAL,School Board,1,0.84000000000000,0.8400000000,null,1,null
34503363960,2025-08-26,Alabama,null,City Council,1,null,null,null,0,null
31290444373,2025-04-08,Missouri,LOCAL,School Board,1,1.67000000000000,1.6700000000,null,0,null
37445526414,2025-11-04,North Carolina,CITY,Town Council,1,2.53000000000000,2.5300000000,null,1,null
36765599634,2025-08-26,Alabama,LOCAL,School Board,1,2.46000000000000,2.4600000000,null,0,null
33148511929,2025-11-04,Massachusetts,CITY,City Council,1,2.25000000000000,2.2500000000,null,1,null
32844686727,2025-11-04,Minnesota,CITY,Mayor,1,1.68000000000000,1.6800000000,null,0,null
23541771959,2024-11-05,Minnesota,CITY,Mayor,1,1.68000000000000,1.6800000000,null,1,null
35634102899,2025-11-04,Utah,CITY,City Council,1,0.81000000000000,0.8100000000,null,1,null
22982366776,2024-11-05,California,CITY,City Council,1,2.30000000000000,2.3000000000,null,0,null
25000223559,2024-11-05,Kentucky,CITY,City Council,1,1.96000000000000,1.9600000000,null,1,null
30080961040,2025-04-01,Wisconsin,CITY,Town Council,1,1.84000000000000,1.8400000000,null,1,null
42473225311,2025-11-04,Iowa,CITY,City Council,1,4.02000000000000,4.0200000000,null,1,null
33242739364,2025-05-20,Oregon,LOCAL,Other,1,4.99000000000000,4.9900000000,null,1,null
38688605722,2025-08-26,Alabama,CITY,City Council,1,1.93000000000000,1.9300000000,null,0,null
37496099858,2025-11-04,North Carolina,CITY,Mayor,1,1.38000000000000,1.3800000000,null,0,null
22446894865,2024-11-05,Minnesota,CITY,City Council,1,2.38000000000000,2.3800000000,null,0,null
22451374686,2024-11-05,Arizona,LOCAL,School Board,1,2.52000000000000,2.5200000000,null,1,null
39553871239,2025-11-04,Kansas,CITY,Mayor,1,2.08000000000000,2.0800000000,null,1,null
32213384763,2025-05-03,Texas,Local,City Council,1,2.37000000000000,2.3700000000,null,0,null
41940860529,2025-11-04,Idaho,LOCAL,Other,1,1.25000000000000,1.2500000000,null,1,null
31388375162,2025-11-04,Pennsylvania,LOCAL,null,1,0.41000000000000,0.4100000000,null,0,null
40836528553,2025-11-04,Iowa,CITY,City Council,1,2.61000000000000,2.6100000000,null,0,null
38264643170,2025-11-04,Texas,CITY,City Council,2,2.40000000000000,2.4000000000,2025-10-19T05:00:00.000,1,text
33453384800,2025-11-04,New York,LOCAL,Town Council,1,3.45000000000000,3.4500000000,null,1,null
39175206206,2025-11-04,New Mexico,Local,Other,1,0.68000000000000,0.6800000000,null,1,null
40248429458,2025-11-04,South Carolina,CITY,City Council,1,3.35000000000000,3.3500000000,null,0,null
32123352214,2025-11-04,Ohio,CITY,City Council,1,2.12000000000000,2.1200000000,null,1,null
38589947819,2025-11-04,Idaho,CITY,Mayor,1,0.91000000000000,0.9100000000,null,1,null
32891057431,2025-11-04,Montana,CITY,null,1,1.59000000000000,1.5900000000,null,0,null
23769628791,2024-11-05,California,LOCAL,Utilities Commissioner,1,4.99000000000000,4.9900000000,null,0,null
36965927028,2025-11-04,Colorado,CITY,City Council,1,1.33000000000000,1.3300000000,null,0,null
23898857554,2024-11-05,Oregon,CITY,City Council,1,3.45000000000000,3.4500000000,null,1,null
30200429353,2025-03-11,Florida,CITY,Mayor,1,2.46000000000000,2.4600000000,null,0,null
38788463018,2025-11-04,Ohio,LOCAL,School Board,1,1.49000000000000,1.4900000000,null,1,null
23304186683,2024-11-05,California,County,Utilities Commissioner,1,null,null,null,1,null
22534763447,2024-11-05,Michigan,CITY,City Council,1,2.57000000000000,2.5700000000,null,0,null
30745642259,2024-11-05,Virginia,COUNTY,County Supervisor,1,0.91000000000000,0.9100000000,null,0,null
36027172173,2025-11-04,Kansas,CITY,City Council,1,1.30000000000000,1.3000000000,null,1,null
38689222420,2025-11-04,Washington,LOCAL,Other,1,1.27000000000000,1.2700000000,null,1,null
36065007013,2025-11-04,Washington,CITY,City Council,1,2.39000000000000,2.3900000000,null,1,null
37978946742,2025-11-04,North Carolina,CITY,Town Council,1,3.61000000000000,3.6100000000,null,1,null
41093790597,2025-11-04,Iowa,CITY,Mayor,1,1.86000000000000,1.8600000000,null,1,null
37024725403,2025-11-04,Virginia,COUNTY,School Board,1,2.40000000000000,2.4000000000,null,1,null
22738913052,2024-11-05,California,CITY,City Council,1,3.17000000000000,3.1700000000,null,0,null
36021442394,2025-10-06,Pennsylvania,null,President,1,null,null,null,0,null
39370299231,2025-11-04,New Mexico,Local,Other,1,1.82000000000000,1.8200000000,null,1,null
41419154045,2025-11-04,Georgia,LOCAL,School Board,1,null,null,null,1,null
23252772905,2025-11-04,North Carolina,CITY,null,1,2.71000000000000,2.7100000000,null,0,null
35553294443,2025-11-04,Iowa,LOCAL,null,1,2.64000000000000,2.6400000000,null,0,null
33234083214,2025-08-26,Alabama,State,null,1,null,null,null,0,null
40650839822,2025-11-04,South Carolina,CITY,Mayor,1,null,null,null,0,null
36386123440,2025-11-04,Utah,Local,School Board,1,1.15000000000000,1.1500000000,null,0,null
19675501859,2024-05-04,Texas,CITY,City Council,1,0.94000000000000,0.9400000000,null,0,null
39438173193,2025-11-03,New Mexico,Local,Other,1,2.41000000000000,2.4100000000,null,1,null
22770899816,2024-11-05,California,CITY,City Council,1,3.50000000000000,3.5000000000,null,1,null
36393808144,2025-11-04,Michigan,CITY,City Council,1,3.51000000000000,3.5100000000,null,1,null
22164578739,2024-11-05,Minnesota,CITY,Mayor,1,5.00000000000000,5.0000000000,null,1,null
22550387593,2024-11-05,Virginia,CITY,Town Council,1,1.86000000000000,1.8600000000,null,0,null
31783671116,2025-11-04,Washington,CITY,City Council,1,0.54000000000000,0.5400000000,null,0,null
34130148771,2025-06-10,Maine,CITY,City Council,1,1.54000000000000,1.5400000000,null,1,null
23300219552,2024-11-05,California,LOCAL,School Board,1,4.99000000000000,4.9900000000,null,0,null
32213198453,2025-05-06,Massachusetts,CITY,City Council,1,0.86000000000000,0.8600000000,null,0,null
19825381274,2025-11-04,Pennsylvania,CITY,Mayor,1,0.32000000000000,0.3200000000,null,0,null
34821076640,2025-11-04,Michigan,CITY,City Council,1,2.68000000000000,2.6800000000,null,0,null
31846041422,2025-11-04,Pennsylvania,CITY,null,1,0.32000000000000,0.3200000000,null,0,null
31881862973,2025-11-04,New York,CITY,null,1,0.98000000000000,0.9800000000,null,0,null
38671627646,2025-11-04,Ohio,CITY,Town Council,1,1.49000000000000,1.4900000000,null,0,null
36394586222,2025-11-04,Kansas,LOCAL,School Board,4,0.51000000000000,0.5100000000,2025-11-05T06:00:00.000,0,text
23492054828,2024-11-05,Minnesota,CITY,City Council,1,2.41000000000000,2.4100000000,null,0,null
23060279935,2024-11-05,Virginia,CITY,Mayor,1,5.00000000000000,5.0000000000,null,1,null
35166302251,2025-08-26,Alabama,CITY,City Council,1,1.72000000000000,1.7200000000,null,0,null
39272728977,2025-11-04,Colorado,CITY,City Council,1,1.59000000000000,1.5900000000,null,1,null
41676982439,2025-11-04,Ohio,TOWNSHIP,Town Council,1,null,null,null,1,null
25074699523,2024-11-05,North Dakota,COUNTY,County Supervisor,1,4.99000000000000,4.9900000000,null,1,null
21341594728,2026-11-03,Indiana,STATE,Congressional,1,0.21000000000000,0.2100000000,null,0,null
38589268837,2025-11-04,Ohio,TOWNSHIP,Town Council,1,3.07000000000000,3.0700000000,null,0,null
23506089338,2024-11-05,Michigan,LOCAL,School Board,1,1.93000000000000,1.9300000000,null,1,null
32135850302,2025-05-03,Texas,CITY,City Council,1,5.00000000000000,5.0000000000,null,1,null
23093459240,2024-11-05,South Carolina,LOCAL,School Board,1,2.26000000000000,2.2600000000,null,1,null
35434135932,2025-11-04,Washington,LOCAL,Other,1,2.79000000000000,2.7900000000,null,1,null
39589856419,2025-11-04,New Mexico,Local,Town Council,1,2.48000000000000,2.4800000000,null,1,null
40977839540,2025-11-04,Iowa,LOCAL,School Board,1,2.88000000000000,2.8800000000,null,1,null
28674051842,2025-04-01,Illinois,CITY,City Council,1,3.48000000000000,3.4800000000,null,0,null
39632059973,2025-11-04,New Jersey,LOCAL,School Board,1,4.12000000000000,4.1200000000,null,1,null
39171249266,2025-11-04,Ohio,CITY,Town Council,1,1.49000000000000,1.4900000000,null,0,null
25146602300,2024-11-05,California,LOCAL,School Board,1,1.01000000000000,1.0100000000,null,0,null
32048256605,2025-05-03,Texas,CITY,City Council,1,0.94000000000000,0.9400000000,null,0,null
28252264798,2025-05-03,Texas,LOCAL,Utilities Commissioner,1,4.22000000000000,4.2200000000,null,1,null
35652788848,2025-11-04,Kansas,CITY,City Council,1,1.30000000000000,1.3000000000,null,0,null
32001217935,2025-06-03,Mississippi,CITY,Town Council,1,1.68000000000000,1.6800000000,null,0,null
38805085009,2025-11-04,Ohio,TOWNSHIP,Town Council,1,3.07000000000000,3.0700000000,null,1,null
30560284793,2025-04-01,Illinois,LOCAL,null,1,3.79000000000000,3.7900000000,null,1,null
35729762467,2025-11-04,Washington,CITY,City Council,1,1.08000000000000,1.0800000000,null,0,null
22980033891,2024-11-05,California,CITY,City Council,1,1.50000000000000,1.5000000000,null,0,null
43217462135,2025-11-04,Ohio,CITY,null,1,3.07000000000000,3.0700000000,null,1,null
38894725261,2025-11-04,Ohio,LOCAL,School Board,1,1.33000000000000,1.3300000000,null,0,null
23107794253,2024-11-05,California,LOCAL,School Board,1,5.00000000000000,5.0000000000,null,1,null
23465432469,2024-11-05,Oregon,CITY,City Council,1,1.52000000000000,1.5200000000,null,0,null
36255088510,2025-11-04,Kansas,LOCAL,School Board,1,1.15000000000000,1.1500000000,null,1,null
35218012198,2025-11-04,New Mexico,CITY,City Council,1,1.57000000000000,1.5700000000,null,1,null
34110296918,2025-11-04,Ohio,LOCAL,Town Council,1,3.06000000000000,3.0600000000,null,1,null
36777761403,2025-11-04,Michigan,CITY,Other,1,2.18000000000000,2.1800000000,null,0,null
33813871894,2025-11-04,Ohio,LOCAL,Town Council,1,3.06000000000000,3.0600000000,null,1,null
27997042182,2025-04-01,Illinois,LOCAL,School Board,1,2.69000000000000,2.6900000000,null,0,null
37316612975,2025-11-04,North Carolina,CITY,Town Council,1,2.53000000000000,2.5300000000,null,1,null
31408098903,2025-04-01,Wisconsin,LOCAL,Town Council,1,5.00000000000000,5.0000000000,null,1,null
29486514817,2025-11-04,Ohio,CITY,City Council,1,1.13000000000000,1.1300000000,2025-09-29T04:00:00.000,1,text
30257853323,2025-03-25,Massachusetts,LOCAL,School Board,1,2.21000000000000,2.2100000000,null,1,null
31916020649,2025-05-03,Texas,Local,School Board,1,3.60000000000000,3.6000000000,null,0,null
42721309001,2025-11-04,New York,TOWNSHIP,Mayor,1,null,null,null,0,null
39974964149,2025-11-04,Colorado,LOCAL,School Board,1,3.42000000000000,3.4200000000,null,1,null
31299149986,2025-04-01,Illinois,LOCAL,null,1,2.60000000000000,2.6000000000,null,0,null
35516018023,2025-11-04,Washington,LOCAL,School Board,1,1.17000000000000,1.1700000000,null,0,null
38347197996,2025-11-04,North Carolina,CITY,Mayor,1,1.59000000000000,1.5900000000,null,0,null
29958920221,2025-04-08,null,CITY,Alderman,1,5.00000000000000,5.0000000000,null,1,null
39363013707,2025-11-04,New Jersey,LOCAL,School Board,1,2.78000000000000,2.7800000000,null,1,null
30460484882,2025-11-04,New York,COUNTY,County Supervisor,1,0.83000000000000,0.8300000000,null,0,null
39538519834,2025-11-04,Idaho,CITY,Mayor,1,0.81000000000000,0.8100000000,null,0,null
35451878567,null,null,null,null,1,null,null,null,0,null
40063767479,2025-11-04,North Carolina,CITY,Mayor,3,1.38000000000000,1.3800000000,2025-11-04T05:00:00.000,0,text
39366991662,2025-11-04,Colorado,CITY,City Council,1,3.17000000000000,3.1700000000,null,1,null
36324736647,2025-11-04,Kansas,LOCAL,School Board,1,1.78000000000000,1.7800000000,2025-10-06T05:00:00.000,0,text
22411832587,2024-11-05,California,LOCAL,City Council,1,0.92000000000000,0.9200000000,null,0,null
40616648508,2025-11-04,New Mexico,LOCAL,School Board,1,0.66000000000000,0.6600000000,null,0,null
37478927963,2025-11-04,North Carolina,CITY,Town Council,1,3.96000000000000,3.9600000000,null,0,null
39352161937,2025-11-04,Ohio,CITY,City Council,1,null,null,null,1,null
22641538424,2024-11-05,New Jersey,LOCAL,School Board,1,null,null,null,0,null
35707419801,2025-08-05,Kansas,Local,Other,1,2.82000000000000,2.8200000000,null,1,null
32009048600,2025-11-04,Pennsylvania,LOCAL,null,1,0.65000000000000,0.6500000000,null,0,null
36450022580,2025-11-04,North Carolina,null,City Council,1,null,null,null,1,null
42345617067,2025-11-04,Connecticut,LOCAL,School Board,1,1.85000000000000,1.8500000000,null,0,null
35593333100,null,null,CITY,null,1,null,null,null,1,null
23090089303,2024-11-05,California,CITY,City Council,1,3.80000000000000,3.8000000000,null,1,null
35618200983,2025-08-26,Alabama,CITY,City Council,1,1.93000000000000,1.9300000000,null,0,null
37122482805,2025-11-04,Maryland,CITY,City Council,1,2.26000000000000,2.2600000000,null,1,null
35568914964,2027-04-06,Illinois,CITY,null,1,3.93000000000000,3.9300000000,null,1,null
32184956672,2025-05-03,Texas,LOCAL,School Board,1,4.19000000000000,4.1900000000,null,1,null
37665662568,2025-11-04,New Jersey,LOCAL,School Board,1,3.01000000000000,3.0100000000,null,0,null
37071699095,2025-11-04,Washington,LOCAL,Other,1,2.79000000000000,2.7900000000,null,1,null
33002571014,2025-05-20,Oregon,LOCAL,Other,1,5.00000000000000,5.0000000000,null,1,null
23159930194,2024-11-05,Michigan,CITY,Mayor,1,1.60000000000000,1.6000000000,null,0,null
25114288311,2024-11-05,Minnesota,LOCAL,School Board,1,4.99000000000000,4.9900000000,null,1,null
23324131377,2024-11-05,Minnesota,LOCAL,Town Council,1,1.53000000000000,1.5300000000,null,1,null
36680950629,2025-11-04,Kansas,CITY,Mayor,1,0.80000000000000,0.8000000000,null,0,null
31398682917,2025-04-01,Illinois,CITY,City Council,1,5.00000000000000,5.0000000000,null,1,null
22086984843,2025-11-04,Colorado,LOCAL,null,1,1.52000000000000,1.5200000000,null,0,null
39413537820,2025-11-04,Ohio,CITY,Town Council,1,1.49000000000000,1.4900000000,null,0,null
23946960210,2024-11-05,Ohio,Local,City Council,1,null,null,null,1,null
39445695846,2025-11-04,Kansas,CITY,City Council,1,2.35000000000000,2.3500000000,null,1,null
35233978243,2025-08-26,Alabama,CITY,City Council,1,1.72000000000000,1.7200000000,null,0,null
39521208432,2025-11-04,Georgia,CITY,Mayor,1,2.99000000000000,2.9900000000,null,1,null
36617892960,2025-08-26,Alabama,CITY,City Council,1,1.72000000000000,1.7200000000,null,0,null
38109622169,2025-11-04,Virginia,CITY,Town Council,1,3.46000000000000,3.4600000000,2025-09-20T04:00:00.000,1,text
23917059720,2024-11-05,Texas,LOCAL,School Board,1,2.43000000000000,2.4300000000,null,1,null
21271310996,2024-11-05,Minnesota,COUNTY,County Supervisor,1,5.00000000000000,5.0000000000,null,1,null
39590008395,2025-11-04,Georgia,CITY,City Council,1,3.25000000000000,3.2500000000,null,1,null
32628755811,2025-11-04,New Jersey,LOCAL,null,1,2.63000000000000,2.6300000000,null,0,null
39363107729,2025-11-04,Iowa,CITY,null,1,null,null,null,0,null
23229501309,2024-11-05,Arizona,LOCAL,School Board,1,4.07000000000000,4.0700000000,null,1,null
38798897257,2025-09-16,Florida,CITY,City Council,1,0.83000000000000,0.8300000000,2025-09-09T04:00:00.000,0,text
23916415235,2024-11-05,Michigan,LOCAL,School Board,1,1.63000000000000,1.6300000000,null,0,null
40592975522,2025-11-04,Maine,CITY,City Council,1,3.48000000000000,3.4800000000,null,1,null
22184038325,2024-11-05,California,LOCAL,School Board,1,3.60000000000000,3.6000000000,null,1,null
31652079949,2025-04-08,Missouri,CITY,Mayor,1,5.00000000000000,5.0000000000,null,1,null
22811492935,2024-11-05,Arizona,LOCAL,Utilities Commissioner,1,1.83000000000000,1.8300000000,null,1,null
31759451267,2025-04-08,null,Local,School Board,1,2.67000000000000,2.6700000000,null,1,null
37312001025,2025-11-04,Michigan,CITY,null,1,1.95000000000000,1.9500000000,null,0,null
31842914219,2025-05-03,Texas,CITY,City Council,1,1.06000000000000,1.0600000000,null,0,null
30381616652,2025-04-01,Illinois,LOCAL,School Board,1,2.69000000000000,2.6900000000,null,0,null
35981545900,2025-11-04,Kansas,LOCAL,School Board,1,1.53000000000000,1.5300000000,null,1,null
23102019427,2024-11-05,California,LOCAL,Utilities Commissioner,1,2.59000000000000,2.5900000000,null,0,null
38628955935,2025-11-04,Ohio,TOWNSHIP,Town Council,1,1.49000000000000,1.4900000000,null,1,null
23139995561,2024-11-05,Minnesota,CITY,City Council,1,2.41000000000000,2.4100000000,null,1,null
39091962924,2025-11-04,Ohio,CITY,City Council,1,1.13000000000000,1.1300000000,null,0,null
31385455480,2025-04-01,Wisconsin,LOCAL,School Board,1,1.20000000000000,1.2000000000,null,1,null
42047664973,2025-11-04,Michigan,CITY,Mayor,1,1.68000000000000,1.6800000000,2025-11-03T05:00:00.000,0,text
38668069769,2025-11-04,Washington,CITY,Mayor,1,0.93000000000000,0.9300000000,null,0,null
38557411430,2025-11-04,Ohio,CITY,Town Council,1,1.49000000000000,1.4900000000,null,1,null
19126836340,2024-11-05,North Carolina,COUNTY,Town Council,1,1.68000000000000,1.6800000000,null,0,null
30787693233,2025-04-01,Illinois,LOCAL,Other,1,3.58000000000000,3.5800000000,null,0,null
20606969193,2025-11-04,Nevada,STATE,Mayor,1,4.96000000000000,4.9600000000,null,0,null
41415106931,2025-11-04,Iowa,LOCAL,School Board,1,4.18000000000000,4.1800000000,null,1,null
31598222759,2025-04-01,Wisconsin,LOCAL,School Board,1,3.81000000000000,3.8100000000,null,1,null
35863642721,2025-11-04,Washington,Local,Other,1,2.79000000000000,2.7900000000,null,1,null
23303704697,2024-11-05,Oregon,CITY,City Council,1,2.43000000000000,2.4300000000,null,1,null
41006441614,2025-11-04,Idaho,LOCAL,School Board,1,2.64000000000000,2.6400000000,null,1,null
28683366221,2026-11-03,South Carolina,LOCAL,School Board,1,1.56000000000000,1.5600000000,null,0,null
22387996067,2024-11-05,California,LOCAL,Utilities Commissioner,1,3.39000000000000,3.3900000000,null,1,null
35378034768,2025-08-05,Kansas,LOCAL,null,1,1.53000000000000,1.5300000000,null,0,null
23448123174,2024-11-05,Oregon,CITY,City Council,1,4.08000000000000,4.0800000000,null,1,null
38252535425,2025-11-03,Missouri,Local,City Council,1,null,null,null,1,null
31413284532,2025-04-01,Illinois,CITY,Town Council,1,2.37000000000000,2.3700000000,null,1,null
39415719766,2025-11-04,New York,CITY,Mayor,1,null,null,null,0,null
39418244467,2025-11-04,New York,TOWNSHIP,null,1,null,null,null,0,null
23337007687,2024-11-05,Tennessee,CITY,City Council,1,2.35000000000000,2.3500000000,null,1,null
38761151117,2025-11-04,Ohio,CITY,Town Council,1,1.49000000000000,1.4900000000,null,1,null
38123596687,2025-11-04,North Carolina,CITY,Town Council,1,2.53000000000000,2.5300000000,null,0,null
39351307370,2025-11-04,New Mexico,Local,City Council,1,1.56000000000000,1.5600000000,null,0,null
40828114499,2025-11-04,Florida,Local,City Council,1,null,null,null,0,null
31333742444,2025-11-04,Kansas,CITY,City Council,1,1.29000000000000,1.2900000000,null,1,null
23828890155,2024-11-05,Nebraska,LOCAL,School Board,1,2.49000000000000,2.4900000000,null,1,null
39419290448,2025-11-04,New Mexico,Local,Town Council,1,0.84000000000000,0.8400000000,null,1,null
23410746007,2024-11-05,Minnesota,CITY,City Council,1,1.64000000000000,1.6400000000,null,0,null
39426502022,2025-11-04,New Mexico,CITY,City Council,1,0.54000000000000,0.5400000000,null,0,null
32123237748,2025-11-04,Pennsylvania,COUNTY,null,1,0.27000000000000,0.2700000000,null,0,null
38805869837,2025-11-04,Michigan,CITY,City Council,1,2.41000000000000,2.4100000000,null,1,null
37352081671,2025-11-04,North Carolina,CITY,Town Council,1,3.96000000000000,3.9600000000,null,1,null
41654094628,2025-11-04,Iowa,CITY,Mayor,1,3.44000000000000,3.4400000000,null,1,null
38246739884,2025-11-04,North Carolina,CITY,Town Council,1,3.96000000000000,3.9600000000,null,1,null
37447491625,2025-11-04,New Jersey,TOWNSHIP,Other,1,3.96000000000000,3.9600000000,null,0,null
32795717507,2025-05-20,null,Local,Other,1,1.89000000000000,1.8900000000,null,1,null
21168438353,2024-11-05,Tennessee,CITY,Mayor,1,1.20000000000000,1.2000000000,null,1,null
36320648612,2025-11-04,Kansas,LOCAL,null,1,1.13000000000000,1.1300000000,null,0,null
25145718170,2024-11-05,Michigan,LOCAL,School Board,1,1.76000000000000,1.7600000000,null,1,null
22989258792,2024-11-05,California,CITY,City Council,1,0.90000000000000,0.9000000000,null,0,null
23134950527,2024-11-05,Minnesota,CITY,City Council,1,1.64000000000000,1.6400000000,null,1,null
30266493295,2025-04-01,Illinois,Local,Utilities Commissioner,1,1.57000000000000,1.5700000000,null,1,null
39148383287,2025-11-04,Idaho,CITY,City Council,1,null,null,null,0,null
33699544209,2025-11-04,Kansas,CITY,City Council,1,1.60000000000000,1.6000000000,null,1,null
36546074161,2025-11-04,New York,TOWNSHIP,Clerk/Treasurer,1,1.10000000000000,1.1000000000,null,0,null
38286002731,2025-11-04,Virginia,STATE,null,1,0.46000000000000,0.4600000000,null,1,null
40699520173,2025-11-04,Kansas,CITY,Mayor,1,null,null,null,1,null
22397028180,2024-10-01,Alaska,LOCAL,School Board,1,2.01000000000000,2.0100000000,null,1,null
20602809752,2024-11-05,Maryland,LOCAL,School Board,1,1.22000000000000,1.2200000000,null,0,null
23961289110,2024-11-05,Minnesota,CITY,City Council,1,2.57000000000000,2.5700000000,null,0,null
38128367394,2025-11-04,Virginia,LOCAL,School Board,1,3.71000000000000,3.7100000000,null,1,null
33090170902,2025-05-17,Massachusetts,LOCAL,Other,1,4.99000000000000,4.9900000000,null,1,null
36951844950,2025-08-26,Alabama,CITY,City Council,1,1.72000000000000,1.7200000000,null,0,null
23084881507,2024-11-05,Minnesota,LOCAL,Town Council,1,2.71000000000000,2.7100000000,null,1,null
39203836083,2025-11-04,Ohio,TOWNSHIP,Town Council,1,null,null,null,0,null
33360108970,2025-06-03,null,CITY,Alderman,1,1.82000000000000,1.8200000000,null,1,null
28971517477,2025-04-01,Illinois,CITY,City Council,1,3.72000000000000,3.7200000000,null,1,null
35768847467,2025-11-04,Georgia,LOCAL,null,1,2.10000000000000,2.1000000000,null,0,null
40745553786,2025-11-04,Iowa,CITY,City Council,1,4.02000000000000,4.0200000000,null,1,null
23755338878,2024-11-05,Michigan,LOCAL,School Board,1,0.84000000000000,0.8400000000,null,0,null
40100773017,2025-11-04,Colorado,CITY,City Council,1,3.17000000000000,3.1700000000,null,1,null
38360544049,2025-09-09,Oklahoma,STATE,null,1,0.27000000000000,0.2700000000,null,0,null
38979715387,2025-11-04,Ohio,LOCAL,School Board,1,1.33000000000000,1.3300000000,null,1,null
23773270158,2024-11-05,Oregon,Local,City Council,1,null,null,null,1,null
21143279998,2025-05-03,Texas,CITY,City Council,1,2.06000000000000,2.0600000000,null,0,null
23471469666,2024-11-05,Minnesota,LOCAL,School Board,1,4.23000000000000,4.2300000000,null,1,null
22977284534,2024-11-05,District Of Columbia,CITY,City Council,1,0.54000000000000,0.5400000000,null,1,null
28367143989,2025-04-01,Illinois,LOCAL,School Board,1,2.10000000000000,2.1000000000,null,0,null
23477218983,2024-11-05,Minnesota,CITY,City Council,1,1.04000000000000,1.0400000000,null,1,null
31863541544,2025-05-03,Texas,CITY,City Council,1,2.40000000000000,2.4000000000,null,1,null
41603234221,2025-11-04,Iowa,CITY,City Council,1,2.61000000000000,2.6100000000,null,1,null
22431395684,2024-11-05,California,Local,School Board,1,null,null,null,1,null
35690521725,2025-11-04,Washington,Local,School Board,1,2.67000000000000,2.6700000000,null,1,null
23961633305,2024-11-05,Oregon,CITY,City Council,1,5.00000000000000,5.0000000000,null,1,null
31966863482,2025-05-03,Texas,CITY,City Council,1,5.00000000000000,5.0000000000,null,1,null
23780129882,2024-11-05,Minnesota,LOCAL,Town Council,1,1.14000000000000,1.1400000000,null,1,null
38953940802,2025-11-04,Ohio,CITY,City Council,1,null,null,null,1,null
41663302768,2025-11-04,Massachusetts,LOCAL,School Board,1,1.82000000000000,1.8200000000,null,0,null
36036953946,2025-11-04,Kansas,CITY,Mayor,1,2.35000000000000,2.3500000000,null,1,null
22979081090,2024-11-05,Minnesota,CITY,Mayor,1,1.68000000000000,1.6800000000,null,0,null
34727441158,2025-11-04,Michigan,CITY,City Council,1,2.41000000000000,2.4100000000,null,0,null
36254700188,2025-11-04,Washington,LOCAL,School Board,1,1.17000000000000,1.1700000000,null,0,null
40715402822,2025-11-04,Connecticut,CITY,null,1,null,null,null,1,null
32400305820,2025-05-06,Massachusetts,CITY,Town Council,1,3.45000000000000,3.4500000000,null,1,null
25081048682,2024-11-05,Mississippi,COUNTY,Other,1,5.00000000000000,5.0000000000,null,1,null
39357577318,2025-11-04,Idaho,CITY,City Council,1,0.97000000000000,0.9700000000,null,0,null
22575955029,2024-11-05,Michigan,CITY,Mayor,1,5.00000000000000,5.0000000000,null,1,null
23267046305,2024-11-05,Minnesota,LOCAL,School Board,1,1.68000000000000,1.6800000000,null,0,null
34653856894,2025-11-04,New York,COUNTY,Attorney,1,0.96000000000000,0.9600000000,null,0,null
36630211247,2025-08-26,Alabama,CITY,null,1,1.93000000000000,1.9300000000,null,1,null
32810020887,2025-05-05,Massachusetts,CITY,City Council,1,4.14000000000000,4.1400000000,null,1,null
38573711644,2025-11-04,Ohio,Local,Town Council,1,3.06000000000000,3.0600000000,null,1,null
37266400347,2025-11-04,North Carolina,CITY,Town Council,1,2.53000000000000,2.5300000000,null,0,null
36662424600,2025-11-04,Montana,CITY,Mayor,1,1.21000000000000,1.2100000000,null,0,null
22408200259,null,null,LOCAL,null,1,2.92000000000000,2.9200000000,null,1,null
30347489870,2025-03-04,null,CITY,Clerk/Treasurer,1,3.61000000000000,3.6100000000,null,1,null
36390130017,2025-11-04,Kansas,CITY,City Council,1,1.30000000000000,1.3000000000,null,0,null
23336240472,2024-11-05,Minnesota,LOCAL,School Board,1,4.06000000000000,4.0600000000,null,0,null
23110611822,2024-11-05,Michigan,LOCAL,School Board,1,3.36000000000000,3.3600000000,null,1,null
37247777190,2025-11-04,North Carolina,CITY,Town Council,1,2.53000000000000,2.5300000000,null,1,null
31813166459,2025-11-04,Maine,CITY,City Council,1,2.65000000000000,2.6500000000,null,0,null
22972267639,2024-11-05,Minnesota,CITY,Mayor,1,4.99000000000000,4.9900000000,null,1,null
32791949447,2025-05-03,Texas,CITY,City Council,1,4.12000000000000,4.1200000000,null,1,null
27590360888,2025-11-04,Washington,COUNTY,null,1,0.89000000000000,0.8900000000,null,0,null
29846095512,2025-05-03,Louisiana,CITY,County Supervisor,1,1.20000000000000,1.2000000000,null,1,null
39520584097,2025-11-04,Montana,Local,City Council,1,null,null,null,1,null
39413304676,null,null,null,null,1,null,null,null,0,null
20420641544,2024-05-14,West Virginia,COUNTY,Judge,1,1.89000000000000,1.8900000000,null,1,null
42257904981,2025-11-04,Colorado,CITY,City Council,1,1.20000000000000,1.2000000000,null,0,null
25083480367,2024-11-05,Minnesota,CITY,Mayor,1,5.00000000000000,5.0000000000,null,1,null
36990791014,2025-11-04,Utah,Local,Mayor,1,0.81000000000000,0.8100000000,null,0,null
38956773728,2025-11-04,Minnesota,Local,City Council,1,2.40000000000000,2.4000000000,null,1,null
22511351648,2024-11-05,Virginia,COUNTY,City Council,1,4.99000000000000,4.9900000000,null,1,null
22145484806,2024-11-05,Michigan,CITY,Mayor,1,3.27000000000000,3.2700000000,null,1,null
22251473685,2024-11-05,Nevada,State,School Board,1,null,null,null,0,null
38616466794,2025-11-04,Georgia,CITY,City Council,1,2.26000000000000,2.2600000000,2025-09-30T04:00:00.000,1,text
25087183016,2024-11-05,Iowa,LOCAL,Utilities Commissioner,1,5.00000000000000,5.0000000000,null,1,null
25294843786,2024-11-05,Nebraska,CITY,City Council,1,3.68000000000000,3.6800000000,null,1,null
22104720761,2024-11-05,Missouri,COUNTY,Other,1,3.41000000000000,3.4100000000,null,0,null
38761150209,2025-11-04,Ohio,TOWNSHIP,Town Council,1,1.11000000000000,1.1100000000,null,0,null
40255491965,2025-11-04,Iowa,CITY,Mayor,1,null,null,null,1,null
30625547809,2025-04-09,New Jersey,null,null,1,null,null,null,0,null
23759523944,2024-11-05,Texas,Local,School Board,1,null,null,null,1,null
31648690282,2025-04-15,Delaware,CITY,City Council,1,0.58000000000000,0.5800000000,null,0,null
36796461067,2025-08-26,Alabama,CITY,City Council,1,1.72000000000000,1.7200000000,null,0,null
25187123224,2024-11-05,Iowa,COUNTY,Utilities Commissioner,1,4.99000000000000,4.9900000000,null,1,null
36955823682,2025-11-15,Louisiana,COUNTY,Mayor,1,0.73000000000000,0.7300000000,null,0,null
23406895382,2024-11-05,North Dakota,LOCAL,Utilities Commissioner,1,3.75000000000000,3.7500000000,null,1,null
33610301324,2025-11-04,New York,CITY,null,1,1.59000000000000,1.5900000000,null,0,null
39174777885,2025-11-04,Ohio,CITY,Town Council,1,3.07000000000000,3.0700000000,null,0,null
34886333195,2025-11-04,New York,CITY,null,1,1.14000000000000,1.1400000000,null,1,null
21414363266,2024-11-05,North Dakota,COUNTY,County Supervisor,1,2.35000000000000,2.3500000000,null,0,null
35632655179,2025-11-04,Iowa,LOCAL,School Board,1,4.18000000000000,4.1800000000,null,1,null
36947929865,2025-08-26,Alabama,CITY,Mayor,1,1.71000000000000,1.7100000000,null,0,null
29350949946,2025-04-01,Illinois,CITY,City Council,1,0.83000000000000,0.8300000000,null,0,null
38894109093,2025-11-04,Minnesota,CITY,City Council,1,1.93000000000000,1.9300000000,null,0,null
22980191520,2024-11-05,Minnesota,CITY,City Council,1,2.57000000000000,2.5700000000,null,1,null
31921854336,2025-05-03,Texas,LOCAL,School Board,1,2.43000000000000,2.4300000000,null,0,null
21502763137,null,null,CITY,Other,1,0.62000000000000,0.6200000000,null,0,null
38798424137,2025-11-04,North Carolina,CITY,Town Council,1,2.53000000000000,2.5300000000,null,1,null
38504133444,2025-11-04,Massachusetts,CITY,City Council,1,3.58000000000000,3.5800000000,null,1,null
30308775753,2025-04-01,Wisconsin,LOCAL,School Board,1,1.20000000000000,1.2000000000,null,1,null
35881373030,2025-11-04,Washington,LOCAL,Other,1,2.79000000000000,2.7900000000,null,1,null
34503413665,2025-06-03,Mississippi,CITY,Alderman,1,1.88000000000000,1.8800000000,null,1,null
38548472350,2025-08-26,Alabama,CITY,City Council,1,1.72000000000000,1.7200000000,null,1,null
23956089917,2024-11-05,Tennessee,CITY,City Council,1,2.44000000000000,2.4400000000,null,1,null
35316072118,2025-08-26,Alabama,CITY,Mayor,1,1.71000000000000,1.7100000000,null,1,null
31923855694,2025-05-03,Texas,CITY,City Council,1,5.00000000000000,5.0000000000,null,1,null
23788023684,2024-11-05,Minnesota,CITY,City Council,1,2.57000000000000,2.5700000000,null,0,null
35368932255,2025-11-04,Utah,CITY,City Council,1,1.44000000000000,1.4400000000,null,0,null
39505216936,2025-11-04,Colorado,CITY,Mayor,1,1.01000000000000,1.0100000000,null,0,null
35636536338,2025-11-04,Ohio,TOWNSHIP,Town Council,1,3.07000000000000,3.0700000000,null,1,null
22162461741,2024-11-05,Arkansas,FEDERAL,Congressional,1,0.17000000000000,0.1700000000,null,0,null
41305028642,2025-11-04,Iowa,Local,School Board,1,3.87000000000000,3.8700000000,null,1,null
31465546503,2025-04-01,Wisconsin,CITY,City Council,1,3.65000000000000,3.6500000000,null,0,null
39645265788,2025-11-04,North Carolina,CITY,Mayor,1,null,null,null,1,null
23074987091,2024-11-05,Minnesota,CITY,City Council,1,2.41000000000000,2.4100000000,null,1,null
23292984249,2024-11-05,Minnesota,CITY,City Council,1,2.41000000000000,2.4100000000,null,0,null
33374684323,2025-11-04,Pennsylvania,STATE,null,1,0.56000000000000,0.5600000000,null,0,null
21009206028,2025-05-03,Texas,CITY,City Council,1,2.06000000000000,2.0600000000,null,0,null
41663055105,2025-11-04,Colorado,CITY,City Council,1,2.70000000000000,2.7000000000,null,1,null
23072881510,2024-11-05,Minnesota,CITY,City Council,1,2.41000000000000,2.4100000000,null,1,null
23783060559,2024-11-05,Iowa,LOCAL,Utilities Commissioner,1,5.00000000000000,5.0000000000,null,1,null
38564657843,2025-11-04,Ohio,LOCAL,School Board,1,3.06000000000000,3.0600000000,null,1,null
32616032320,2025-11-04,Pennsylvania,CITY,Mayor,1,1.02000000000000,1.0200000000,null,0,null
36492376748,2025-11-04,Utah,Local,Town Council,1,3.30000000000000,3.3000000000,null,1,null
23050893843,2024-11-05,Minnesota,LOCAL,Clerk/Treasurer,1,1.86000000000000,1.8600000000,null,1,null
33013638494,2025-05-20,Oregon,LOCAL,School Board,1,3.56000000000000,3.5600000000,null,1,null
30767253635,2025-11-04,New Jersey,CITY,City Council,1,2.02000000000000,2.0200000000,null,0,null
23241213082,2024-11-05,Minnesota,LOCAL,School Board,1,3.42000000000000,3.4200000000,null,0,null
35451040106,2025-11-04,Washington,LOCAL,Other,1,2.79000000000000,2.7900000000,null,1,null
38886887747,2025-11-04,Ohio,Local,School Board,1,2.88000000000000,2.8800000000,null,1,null
32215087437,2025-05-20,Oregon,LOCAL,School Board,1,4.98000000000000,4.9800000000,null,0,null
31385611548,2025-04-01,Wisconsin,LOCAL,Town Council,1,5.00000000000000,5.0000000000,null,1,null
35249285933,2025-11-04,Washington,CITY,City Council,1,0.99000000000000,0.9900000000,null,1,null
36661213809,2025-11-04,Utah,CITY,Mayor,1,0.81000000000000,0.8100000000,null,1,null
29861212441,2025-04-01,Wisconsin,LOCAL,Clerk/Treasurer,1,3.60000000000000,3.6000000000,null,0,null
23157423513,2024-11-05,Michigan,CITY,Mayor,1,2.34000000000000,2.3400000000,null,1,null
32857645590,2025-05-20,Massachusetts,CITY,Town Council,1,5.00000000000000,5.0000000000,null,1,null
31386326187,2025-04-01,Wisconsin,LOCAL,Clerk/Treasurer,1,5.00000000000000,5.0000000000,null,1,null
20313888891,2024-11-05,Michigan,LOCAL,Town Council,1,2.25000000000000,2.2500000000,null,0,null
31851497102,2025-05-03,Texas,CITY,City Council,1,1.06000000000000,1.0600000000,null,0,null
22426888100,2024-11-05,South Dakota,LOCAL,Other,1,5.00000000000000,5.0000000000,null,1,null
29394664822,2025-04-01,Wisconsin,CITY,City Council,1,0.95000000000000,0.9500000000,null,1,null
40057447686,2025-11-04,Utah,CITY,Mayor,1,0.81000000000000,0.8100000000,null,1,null
38119128242,2025-11-04,Massachusetts,CITY,City Council,1,2.02000000000000,2.0200000000,null,1,null
23655344665,2024-11-05,California,CITY,Clerk/Treasurer,1,1.41000000000000,1.4100000000,null,0,null
38966499980,2025-11-04,Ohio,TOWNSHIP,Town Council,1,1.49000000000000,1.4900000000,null,1,null
31382104655,2025-03-04,Vermont,CITY,Town Council,1,4.99000000000000,4.9900000000,null,1,null
36285417063,2025-11-04,Texas,CITY,City Council,1,3.81000000000000,3.8100000000,null,0,null
42174489408,2025-11-04,New Jersey,LOCAL,School Board,1,2.78000000000000,2.7800000000,null,1,null
38239866643,2025-11-04,North Carolina,CITY,City Council,1,3.62000000000000,3.6200000000,null,0,null
35484404629,2025-11-04,Washington,LOCAL,School Board,1,1.17000000000000,1.1700000000,null,1,null
40871140188,2025-11-04,North Carolina,CITY,City Council,1,null,null,null,1,null
38894574362,2025-11-04,Ohio,LOCAL,School Board,1,1.24000000000000,1.2400000000,null,0,null
25004524803,2024-11-05,Michigan,LOCAL,School Board,1,2.20000000000000,2.2000000000,null,0,null
25107030935,2024-11-05,Virginia,Local,School Board,1,null,null,null,0,null
23396333952,2024-11-05,California,CITY,Clerk/Treasurer,1,3.35000000000000,3.3500000000,null,1,null
38113562692,2025-08-26,Alabama,LOCAL,School Board,1,2.46000000000000,2.4600000000,null,1,null
39423711843,2025-11-15,Louisiana,COUNTY,null,1,null,null,null,0,null
28236947519,2025-04-01,Illinois,LOCAL,School Board,1,3.58000000000000,3.5800000000,null,1,null
40730140497,2025-11-04,Georgia,CITY,City Council,1,1.66000000000000,1.6600000000,null,0,null
37009255485,2025-11-04,North Carolina,CITY,City Council,1,2.06000000000000,2.0600000000,null,1,null
38577379083,2025-11-04,Ohio,CITY,Town Council,1,1.12000000000000,1.1200000000,null,0,null
